[SYCL][OP] call ggml_sycl_mul_mat: dst='Qcur-0':type=f32;ne=[4096, 1, 1, 1];nb=[4, 16384, 16384, 16384]	src0='blk.0.attn_q.weight':type=q4_K;ne=[4096, 4096, 1, 1];nb=[144, 2304, 9437184, 9437184]	src1='attn_norm-0':type=f32;ne=[4096, 1, 1, 1];nb=[4, 16384, 16384, 16384]
[SYCL][OP] call ggml_sycl_op_mul_mat/quantize_row_q8_1_sycl: dst='Qcur-0':type=f32;ne=[4096, 1, 1, 1];nb=[4, 16384, 16384, 16384]	src0='blk.0.attn_q.weight':type=q4_K;ne=[4096, 4096, 1, 1];nb=[144, 2304, 9437184, 9437184]	src1='attn_norm-0':type=f32;ne=[4096, 1, 1, 1];nb=[4, 16384, 16384, 16384] : converting src1 to Q8_1
[SYCL][OP] call ggml_sycl_mul_mat: dst='Kcur-0':type=f32;ne=[1024, 1, 1, 1];nb=[4, 4096, 4096, 4096]	src0='blk.0.attn_k.weight':type=q4_K;ne=[4096, 1024, 1, 1];nb=[144, 2304, 2359296, 2359296]	src1='attn_norm-0':type=f32;ne=[4096, 1, 1, 1];nb=[4, 16384, 16384, 16384]
[SYCL][OP] call ggml_sycl_op_mul_mat/quantize_row_q8_1_sycl: dst='Kcur-0':type=f32;ne=[1024, 1, 1, 1];nb=[4, 4096, 4096, 4096]	src0='blk.0.attn_k.weight':type=q4_K;ne=[4096, 1024, 1, 1];nb=[144, 2304, 2359296, 2359296]	src1='attn_norm-0':type=f32;ne=[4096, 1, 1, 1];nb=[4, 16384, 16384, 16384] : converting src1 to Q8_1
[SYCL][OP] call ggml_sycl_mul_mat: dst='node_33':type=f32;ne=[4096, 1, 1, 1];nb=[4, 16384, 16384, 16384]	src0='blk.0.attn_output.weight':type=q4_K;ne=[4096, 4096, 1, 1];nb=[144, 2304, 9437184, 9437184]	src1='kqv_out-0':type=f32;ne=[4096, 1, 1, 1];nb=[4, 16384, 16384, 16384]
[SYCL][OP] call ggml_sycl_op_mul_mat/quantize_row_q8_1_sycl: dst='node_33':type=f32;ne=[4096, 1, 1, 1];nb=[4, 16384, 16384, 16384]	src0='blk.0.attn_output.weight':type=q4_K;ne=[4096, 4096, 1, 1];nb=[144, 2304, 9437184, 9437184]	src1='kqv_out-0':type=f32;ne=[4096, 1, 1, 1];nb=[4, 16384, 16384, 16384] : converting src1 to Q8_1
[SYCL][OP] call ggml_sycl_mul_mat_id: dst='ffn_moe_gate-0':type=f32;ne=[960, 2, 1, 1];nb=[4, 3840, 7680, 7680]	src0='blk.0.ffn_gate_exps.weight':type=q4_K;ne=[4096, 960, 16, 1];nb=[144, 2304, 2211840, 35389440]	src1='ffn_norm-0 (reshaped)':type=f32;ne=[4096, 1, 1, 1];nb=[4, 16384, 16384, 16384]	src2='ffn_moe_topk-0':type=i32;ne=[2, 1, 1, 1];nb=[4, 64, 64, 64]
[SYCL][OP] call ggml_sycl_mul_mat_id done
[SYCL][OP] call ggml_sycl_mul_mat_id: dst='ffn_moe_up-0':type=f32;ne=[960, 2, 1, 1];nb=[4, 3840, 7680, 7680]	src0='blk.0.ffn_up_exps.weight':type=q4_K;ne=[4096, 960, 16, 1];nb=[144, 2304, 2211840, 35389440]	src1='ffn_norm-0 (reshaped)':type=f32;ne=[4096, 1, 1, 1];nb=[4, 16384, 16384, 16384]	src2='ffn_moe_topk-0':type=i32;ne=[2, 1, 1, 1];nb=[4, 64, 64, 64]
[SYCL][OP] call ggml_sycl_mul_mat_id done
[SYCL][OP] call ggml_sycl_mul_mat_id: dst='ffn_moe_down-0':type=f32;ne=[4096, 2, 1, 1];nb=[4, 16384, 32768, 32768]	src0='blk.0.ffn_down_exps.weight':type=q8_0;ne=[960, 4096, 16, 1];nb=[34, 1020, 4177920, 66846720]	src1='ffn_moe_swiglu-0':type=f32;ne=[960, 2, 1, 1];nb=[4, 3840, 7680, 7680]	src2='ffn_moe_topk-0':type=i32;ne=[2, 1, 1, 1];nb=[4, 64, 64, 64]
[SYCL][OP] call ggml_sycl_mul_mat_id done
[SYCL][OP] call ggml_sycl_mul_mat: dst='Qcur-1':type=f32;ne=[4096, 1, 1, 1];nb=[4, 16384, 16384, 16384]	src0='blk.1.attn_q.weight':type=q4_K;ne=[4096, 4096, 1, 1];nb=[144, 2304, 9437184, 9437184]	src1='attn_norm-1':type=f32;ne=[4096, 1, 1, 1];nb=[4, 16384, 16384, 16384]
[SYCL][OP] call ggml_sycl_op_mul_mat/quantize_row_q8_1_sycl: dst='Qcur-1':type=f32;ne=[4096, 1, 1, 1];nb=[4, 16384, 16384, 16384]	src0='blk.1.attn_q.weight':type=q4_K;ne=[4096, 4096, 1, 1];nb=[144, 2304, 9437184, 9437184]	src1='attn_norm-1':type=f32;ne=[4096, 1, 1, 1];nb=[4, 16384, 16384, 16384] : converting src1 to Q8_1
[SYCL][OP] call ggml_sycl_mul_mat: dst='Kcur-1':type=f32;ne=[1024, 1, 1, 1];nb=[4, 4096, 4096, 4096]	src0='blk.1.attn_k.weight':type=q4_K;ne=[4096, 1024, 1, 1];nb=[144, 2304, 2359296, 2359296]	src1='attn_norm-1':type=f32;ne=[4096, 1, 1, 1];nb=[4, 16384, 16384, 16384]
[SYCL][OP] call ggml_sycl_op_mul_mat/quantize_row_q8_1_sycl: dst='Kcur-1':type=f32;ne=[1024, 1, 1, 1];nb=[4, 4096, 4096, 4096]	src0='blk.1.attn_k.weight':type=q4_K;ne=[4096, 1024, 1, 1];nb=[144, 2304, 2359296, 2359296]	src1='attn_norm-1':type=f32;ne=[4096, 1, 1, 1];nb=[4, 16384, 16384, 16384] : converting src1 to Q8_1
[SYCL][OP] call ggml_sycl_mul_mat: dst='node_92':type=f32;ne=[4096, 1, 1, 1];nb=[4, 16384, 16384, 16384]	src0='blk.1.attn_output.weight':type=q4_K;ne=[4096, 4096, 1, 1];nb=[144, 2304, 9437184, 9437184]	src1='kqv_out-1':type=f32;ne=[4096, 1, 1, 1];nb=[4, 16384, 16384, 16384]
[SYCL][OP] call ggml_sycl_op_mul_mat/quantize_row_q8_1_sycl: dst='node_92':type=f32;ne=[4096, 1, 1, 1];nb=[4, 16384, 16384, 16384]	src0='blk.1.attn_output.weight':type=q4_K;ne=[4096, 4096, 1, 1];nb=[144, 2304, 9437184, 9437184]	src1='kqv_out-1':type=f32;ne=[4096, 1, 1, 1];nb=[4, 16384, 16384, 16384] : converting src1 to Q8_1
[SYCL][OP] call ggml_sycl_mul_mat_id: dst='ffn_moe_gate-1':type=f32;ne=[960, 2, 1, 1];nb=[4, 3840, 7680, 7680]	src0='blk.1.ffn_gate_exps.weight':type=q4_K;ne=[4096, 960, 16, 1];nb=[144, 2304, 2211840, 35389440]	src1='ffn_norm-1 (reshaped)':type=f32;ne=[4096, 1, 1, 1];nb=[4, 16384, 16384, 16384]	src2='ffn_moe_topk-1':type=i32;ne=[2, 1, 1, 1];nb=[4, 64, 64, 64]
[SYCL][OP] call ggml_sycl_mul_mat_id done
[SYCL][OP] call ggml_sycl_mul_mat_id: dst='ffn_moe_up-1':type=f32;ne=[960, 2, 1, 1];nb=[4, 3840, 7680, 7680]	src0='blk.1.ffn_up_exps.weight':type=q4_K;ne=[4096, 960, 16, 1];nb=[144, 2304, 2211840, 35389440]	src1='ffn_norm-1 (reshaped)':type=f32;ne=[4096, 1, 1, 1];nb=[4, 16384, 16384, 16384]	src2='ffn_moe_topk-1':type=i32;ne=[2, 1, 1, 1];nb=[4, 64, 64, 64]
[SYCL][OP] call ggml_sycl_mul_mat_id done
[SYCL][OP] call ggml_sycl_mul_mat_id: dst='ffn_moe_down-1':type=f32;ne=[4096, 2, 1, 1];nb=[4, 16384, 32768, 32768]	src0='blk.1.ffn_down_exps.weight':type=q8_0;ne=[960, 4096, 16, 1];nb=[34, 1020, 4177920, 66846720]	src1='ffn_moe_swiglu-1':type=f32;ne=[960, 2, 1, 1];nb=[4, 3840, 7680, 7680]	src2='ffn_moe_topk-1':type=i32;ne=[2, 1, 1, 1];nb=[4, 64, 64, 64]
[SYCL][OP] call ggml_sycl_mul_mat_id done
[SYCL][OP] call ggml_sycl_mul_mat: dst='Qcur-2':type=f32;ne=[4096, 1, 1, 1];nb=[4, 16384, 16384, 16384]	src0='blk.2.attn_q.weight':type=q4_K;ne=[4096, 4096, 1, 1];nb=[144, 2304, 9437184, 9437184]	src1='attn_norm-2':type=f32;ne=[4096, 1, 1, 1];nb=[4, 16384, 16384, 16384]
[SYCL][OP] call ggml_sycl_op_mul_mat/quantize_row_q8_1_sycl: dst='Qcur-2':type=f32;ne=[4096, 1, 1, 1];nb=[4, 16384, 16384, 16384]	src0='blk.2.attn_q.weight':type=q4_K;ne=[4096, 4096, 1, 1];nb=[144, 2304, 9437184, 9437184]	src1='attn_norm-2':type=f32;ne=[4096, 1, 1, 1];nb=[4, 16384, 16384, 16384] : converting src1 to Q8_1
[SYCL][OP] call ggml_sycl_mul_mat: dst='Kcur-2':type=f32;ne=[1024, 1, 1, 1];nb=[4, 4096, 4096, 4096]	src0='blk.2.attn_k.weight':type=q4_K;ne=[4096, 1024, 1, 1];nb=[144, 2304, 2359296, 2359296]	src1='attn_norm-2':type=f32;ne=[4096, 1, 1, 1];nb=[4, 16384, 16384, 16384]
[SYCL][OP] call ggml_sycl_op_mul_mat/quantize_row_q8_1_sycl: dst='Kcur-2':type=f32;ne=[1024, 1, 1, 1];nb=[4, 4096, 4096, 4096]	src0='blk.2.attn_k.weight':type=q4_K;ne=[4096, 1024, 1, 1];nb=[144, 2304, 2359296, 2359296]	src1='attn_norm-2':type=f32;ne=[4096, 1, 1, 1];nb=[4, 16384, 16384, 16384] : converting src1 to Q8_1
[SYCL][OP] call ggml_sycl_mul_mat: dst='node_151':type=f32;ne=[4096, 1, 1, 1];nb=[4, 16384, 16384, 16384]	src0='blk.2.attn_output.weight':type=q4_K;ne=[4096, 4096, 1, 1];nb=[144, 2304, 9437184, 9437184]	src1='kqv_out-2':type=f32;ne=[4096, 1, 1, 1];nb=[4, 16384, 16384, 16384]
[SYCL][OP] call ggml_sycl_op_mul_mat/quantize_row_q8_1_sycl: dst='node_151':type=f32;ne=[4096, 1, 1, 1];nb=[4, 16384, 16384, 16384]	src0='blk.2.attn_output.weight':type=q4_K;ne=[4096, 4096, 1, 1];nb=[144, 2304, 9437184, 9437184]	src1='kqv_out-2':type=f32;ne=[4096, 1, 1, 1];nb=[4, 16384, 16384, 16384] : converting src1 to Q8_1
[SYCL][OP] call ggml_sycl_mul_mat_id: dst='ffn_moe_gate-2':type=f32;ne=[960, 2, 1, 1];nb=[4, 3840, 7680, 7680]	src0='blk.2.ffn_gate_exps.weight':type=q4_K;ne=[4096, 960, 16, 1];nb=[144, 2304, 2211840, 35389440]	src1='ffn_norm-2 (reshaped)':type=f32;ne=[4096, 1, 1, 1];nb=[4, 16384, 16384, 16384]	src2='ffn_moe_topk-2':type=i32;ne=[2, 1, 1, 1];nb=[4, 64, 64, 64]
[SYCL][OP] call ggml_sycl_mul_mat_id done
[SYCL][OP] call ggml_sycl_mul_mat_id: dst='ffn_moe_up-2':type=f32;ne=[960, 2, 1, 1];nb=[4, 3840, 7680, 7680]	src0='blk.2.ffn_up_exps.weight':type=q4_K;ne=[4096, 960, 16, 1];nb=[144, 2304, 2211840, 35389440]	src1='ffn_norm-2 (reshaped)':type=f32;ne=[4096, 1, 1, 1];nb=[4, 16384, 16384, 16384]	src2='ffn_moe_topk-2':type=i32;ne=[2, 1, 1, 1];nb=[4, 64, 64, 64]
[SYCL][OP] call ggml_sycl_mul_mat_id done
[SYCL][OP] call ggml_sycl_mul_mat_id: dst='ffn_moe_down-2':type=f32;ne=[4096, 2, 1, 1];nb=[4, 16384, 32768, 32768]	src0='blk.2.ffn_down_exps.weight':type=q8_0;ne=[960, 4096, 16, 1];nb=[34, 1020, 4177920, 66846720]	src1='ffn_moe_swiglu-2':type=f32;ne=[960, 2, 1, 1];nb=[4, 3840, 7680, 7680]	src2='ffn_moe_topk-2':type=i32;ne=[2, 1, 1, 1];nb=[4, 64, 64, 64]
[SYCL][OP] call ggml_sycl_mul_mat_id done
[SYCL][OP] call ggml_sycl_mul_mat: dst='Qcur-3':type=f32;ne=[4096, 1, 1, 1];nb=[4, 16384, 16384, 16384]	src0='blk.3.attn_q.weight':type=q4_K;ne=[4096, 4096, 1, 1];nb=[144, 2304, 9437184, 9437184]	src1='attn_norm-3':type=f32;ne=[4096, 1, 1, 1];nb=[4, 16384, 16384, 16384]
[SYCL][OP] call ggml_sycl_op_mul_mat/quantize_row_q8_1_sycl: dst='Qcur-3':type=f32;ne=[4096, 1, 1, 1];nb=[4, 16384, 16384, 16384]	src0='blk.3.attn_q.weight':type=q4_K;ne=[4096, 4096, 1, 1];nb=[144, 2304, 9437184, 9437184]	src1='attn_norm-3':type=f32;ne=[4096, 1, 1, 1];nb=[4, 16384, 16384, 16384] : converting src1 to Q8_1
[SYCL][OP] call ggml_sycl_mul_mat: dst='Kcur-3':type=f32;ne=[1024, 1, 1, 1];nb=[4, 4096, 4096, 4096]	src0='blk.3.attn_k.weight':type=q4_K;ne=[4096, 1024, 1, 1];nb=[144, 2304, 2359296, 2359296]	src1='attn_norm-3':type=f32;ne=[4096, 1, 1, 1];nb=[4, 16384, 16384, 16384]
[SYCL][OP] call ggml_sycl_op_mul_mat/quantize_row_q8_1_sycl: dst='Kcur-3':type=f32;ne=[1024, 1, 1, 1];nb=[4, 4096, 4096, 4096]	src0='blk.3.attn_k.weight':type=q4_K;ne=[4096, 1024, 1, 1];nb=[144, 2304, 2359296, 2359296]	src1='attn_norm-3':type=f32;ne=[4096, 1, 1, 1];nb=[4, 16384, 16384, 16384] : converting src1 to Q8_1
[SYCL][OP] call ggml_sycl_mul_mat: dst='node_210':type=f32;ne=[4096, 1, 1, 1];nb=[4, 16384, 16384, 16384]	src0='blk.3.attn_output.weight':type=q4_K;ne=[4096, 4096, 1, 1];nb=[144, 2304, 9437184, 9437184]	src1='kqv_out-3':type=f32;ne=[4096, 1, 1, 1];nb=[4, 16384, 16384, 16384]
[SYCL][OP] call ggml_sycl_op_mul_mat/quantize_row_q8_1_sycl: dst='node_210':type=f32;ne=[4096, 1, 1, 1];nb=[4, 16384, 16384, 16384]	src0='blk.3.attn_output.weight':type=q4_K;ne=[4096, 4096, 1, 1];nb=[144, 2304, 9437184, 9437184]	src1='kqv_out-3':type=f32;ne=[4096, 1, 1, 1];nb=[4, 16384, 16384, 16384] : converting src1 to Q8_1
[SYCL][OP] call ggml_sycl_mul_mat_id: dst='ffn_moe_gate-3':type=f32;ne=[960, 2, 1, 1];nb=[4, 3840, 7680, 7680]	src0='blk.3.ffn_gate_exps.weight':type=q4_K;ne=[4096, 960, 16, 1];nb=[144, 2304, 2211840, 35389440]	src1='ffn_norm-3 (reshaped)':type=f32;ne=[4096, 1, 1, 1];nb=[4, 16384, 16384, 16384]	src2='ffn_moe_topk-3':type=i32;ne=[2, 1, 1, 1];nb=[4, 64, 64, 64]
[SYCL][OP] call ggml_sycl_mul_mat_id done
[SYCL][OP] call ggml_sycl_mul_mat_id: dst='ffn_moe_up-3':type=f32;ne=[960, 2, 1, 1];nb=[4, 3840, 7680, 7680]	src0='blk.3.ffn_up_exps.weight':type=q4_K;ne=[4096, 960, 16, 1];nb=[144, 2304, 2211840, 35389440]	src1='ffn_norm-3 (reshaped)':type=f32;ne=[4096, 1, 1, 1];nb=[4, 16384, 16384, 16384]	src2='ffn_moe_topk-3':type=i32;ne=[2, 1, 1, 1];nb=[4, 64, 64, 64]
[SYCL][OP] call ggml_sycl_mul_mat_id done
[SYCL][OP] call ggml_sycl_mul_mat_id: dst='ffn_moe_down-3':type=f32;ne=[4096, 2, 1, 1];nb=[4, 16384, 32768, 32768]	src0='blk.3.ffn_down_exps.weight':type=q8_0;ne=[960, 4096, 16, 1];nb=[34, 1020, 4177920, 66846720]	src1='ffn_moe_swiglu-3':type=f32;ne=[960, 2, 1, 1];nb=[4, 3840, 7680, 7680]	src2='ffn_moe_topk-3':type=i32;ne=[2, 1, 1, 1];nb=[4, 64, 64, 64]
[SYCL][OP] call ggml_sycl_mul_mat_id done
[SYCL][OP] call ggml_sycl_mul_mat: dst='Qcur-4':type=f32;ne=[4096, 1, 1, 1];nb=[4, 16384, 16384, 16384]	src0='blk.4.attn_q.weight':type=q4_K;ne=[4096, 4096, 1, 1];nb=[144, 2304, 9437184, 9437184]	src1='attn_norm-4':type=f32;ne=[4096, 1, 1, 1];nb=[4, 16384, 16384, 16384]
[SYCL][OP] call ggml_sycl_op_mul_mat/quantize_row_q8_1_sycl: dst='Qcur-4':type=f32;ne=[4096, 1, 1, 1];nb=[4, 16384, 16384, 16384]	src0='blk.4.attn_q.weight':type=q4_K;ne=[4096, 4096, 1, 1];nb=[144, 2304, 9437184, 9437184]	src1='attn_norm-4':type=f32;ne=[4096, 1, 1, 1];nb=[4, 16384, 16384, 16384] : converting src1 to Q8_1
[SYCL][OP] call ggml_sycl_mul_mat: dst='Vcur-4':type=f32;ne=[1024, 1, 1, 1];nb=[4, 4096, 4096, 4096]	src0='blk.4.attn_v.weight':type=q4_K;ne=[4096, 1024, 1, 1];nb=[144, 2304, 2359296, 2359296]	src1='attn_norm-4':type=f32;ne=[4096, 1, 1, 1];nb=[4, 16384, 16384, 16384]
[SYCL][OP] call ggml_sycl_op_mul_mat/quantize_row_q8_1_sycl: dst='Vcur-4':type=f32;ne=[1024, 1, 1, 1];nb=[4, 4096, 4096, 4096]	src0='blk.4.attn_v.weight':type=q4_K;ne=[4096, 1024, 1, 1];nb=[144, 2304, 2359296, 2359296]	src1='attn_norm-4':type=f32;ne=[4096, 1, 1, 1];nb=[4, 16384, 16384, 16384] : converting src1 to Q8_1
[SYCL][OP] call ggml_sycl_mul_mat: dst='Kcur-4':type=f32;ne=[1024, 1, 1, 1];nb=[4, 4096, 4096, 4096]	src0='blk.4.attn_k.weight':type=q4_K;ne=[4096, 1024, 1, 1];nb=[144, 2304, 2359296, 2359296]	src1='attn_norm-4':type=f32;ne=[4096, 1, 1, 1];nb=[4, 16384, 16384, 16384]
[SYCL][OP] call ggml_sycl_op_mul_mat/quantize_row_q8_1_sycl: dst='Kcur-4':type=f32;ne=[1024, 1, 1, 1];nb=[4, 4096, 4096, 4096]	src0='blk.4.attn_k.weight':type=q4_K;ne=[4096, 1024, 1, 1];nb=[144, 2304, 2359296, 2359296]	src1='attn_norm-4':type=f32;ne=[4096, 1, 1, 1];nb=[4, 16384, 16384, 16384] : converting src1 to Q8_1
[SYCL][OP] call ggml_sycl_mul_mat: dst='node_269':type=f32;ne=[4096, 1, 1, 1];nb=[4, 16384, 16384, 16384]	src0='blk.4.attn_output.weight':type=q4_K;ne=[4096, 4096, 1, 1];nb=[144, 2304, 9437184, 9437184]	src1='kqv_out-4':type=f32;ne=[4096, 1, 1, 1];nb=[4, 16384, 16384, 16384]
[SYCL][OP] call ggml_sycl_op_mul_mat/quantize_row_q8_1_sycl: dst='node_269':type=f32;ne=[4096, 1, 1, 1];nb=[4, 16384, 16384, 16384]	src0='blk.4.attn_output.weight':type=q4_K;ne=[4096, 4096, 1, 1];nb=[144, 2304, 9437184, 9437184]	src1='kqv_out-4':type=f32;ne=[4096, 1, 1, 1];nb=[4, 16384, 16384, 16384] : converting src1 to Q8_1
[SYCL][OP] call ggml_sycl_mul_mat_id: dst='ffn_moe_gate-4':type=f32;ne=[960, 2, 1, 1];nb=[4, 3840, 7680, 7680]	src0='blk.4.ffn_gate_exps.weight':type=q4_K;ne=[4096, 960, 16, 1];nb=[144, 2304, 2211840, 35389440]	src1='ffn_norm-4 (reshaped)':type=f32;ne=[4096, 1, 1, 1];nb=[4, 16384, 16384, 16384]	src2='ffn_moe_topk-4':type=i32;ne=[2, 1, 1, 1];nb=[4, 64, 64, 64]
[SYCL][OP] call ggml_sycl_mul_mat_id done
[SYCL][OP] call ggml_sycl_mul_mat_id: dst='ffn_moe_up-4':type=f32;ne=[960, 2, 1, 1];nb=[4, 3840, 7680, 7680]	src0='blk.4.ffn_up_exps.weight':type=q4_K;ne=[4096, 960, 16, 1];nb=[144, 2304, 2211840, 35389440]	src1='ffn_norm-4 (reshaped)':type=f32;ne=[4096, 1, 1, 1];nb=[4, 16384, 16384, 16384]	src2='ffn_moe_topk-4':type=i32;ne=[2, 1, 1, 1];nb=[4, 64, 64, 64]
[SYCL][OP] call ggml_sycl_mul_mat_id done
[SYCL][OP] call ggml_sycl_mul_mat_id: dst='ffn_moe_down-4':type=f32;ne=[4096, 2, 1, 1];nb=[4, 16384, 32768, 32768]	src0='blk.4.ffn_down_exps.weight':type=q5_0;ne=[960, 4096, 16, 1];nb=[22, 660, 2703360, 43253760]	src1='ffn_moe_swiglu-4':type=f32;ne=[960, 2, 1, 1];nb=[4, 3840, 7680, 7680]	src2='ffn_moe_topk-4':type=i32;ne=[2, 1, 1, 1];nb=[4, 64, 64, 64]
[SYCL][OP] call ggml_sycl_mul_mat_id done
[SYCL][OP] call ggml_sycl_mul_mat: dst='Qcur-5':type=f32;ne=[4096, 1, 1, 1];nb=[4, 16384, 16384, 16384]	src0='blk.5.attn_q.weight':type=q4_K;ne=[4096, 4096, 1, 1];nb=[144, 2304, 9437184, 9437184]	src1='attn_norm-5':type=f32;ne=[4096, 1, 1, 1];nb=[4, 16384, 16384, 16384]
[SYCL][OP] call ggml_sycl_op_mul_mat/quantize_row_q8_1_sycl: dst='Qcur-5':type=f32;ne=[4096, 1, 1, 1];nb=[4, 16384, 16384, 16384]	src0='blk.5.attn_q.weight':type=q4_K;ne=[4096, 4096, 1, 1];nb=[144, 2304, 9437184, 9437184]	src1='attn_norm-5':type=f32;ne=[4096, 1, 1, 1];nb=[4, 16384, 16384, 16384] : converting src1 to Q8_1
[SYCL][OP] call ggml_sycl_mul_mat: dst='Vcur-5':type=f32;ne=[1024, 1, 1, 1];nb=[4, 4096, 4096, 4096]	src0='blk.5.attn_v.weight':type=q4_K;ne=[4096, 1024, 1, 1];nb=[144, 2304, 2359296, 2359296]	src1='attn_norm-5':type=f32;ne=[4096, 1, 1, 1];nb=[4, 16384, 16384, 16384]
[SYCL][OP] call ggml_sycl_op_mul_mat/quantize_row_q8_1_sycl: dst='Vcur-5':type=f32;ne=[1024, 1, 1, 1];nb=[4, 4096, 4096, 4096]	src0='blk.5.attn_v.weight':type=q4_K;ne=[4096, 1024, 1, 1];nb=[144, 2304, 2359296, 2359296]	src1='attn_norm-5':type=f32;ne=[4096, 1, 1, 1];nb=[4, 16384, 16384, 16384] : converting src1 to Q8_1
[SYCL][OP] call ggml_sycl_mul_mat: dst='Kcur-5':type=f32;ne=[1024, 1, 1, 1];nb=[4, 4096, 4096, 4096]	src0='blk.5.attn_k.weight':type=q4_K;ne=[4096, 1024, 1, 1];nb=[144, 2304, 2359296, 2359296]	src1='attn_norm-5':type=f32;ne=[4096, 1, 1, 1];nb=[4, 16384, 16384, 16384]
[SYCL][OP] call ggml_sycl_op_mul_mat/quantize_row_q8_1_sycl: dst='Kcur-5':type=f32;ne=[1024, 1, 1, 1];nb=[4, 4096, 4096, 4096]	src0='blk.5.attn_k.weight':type=q4_K;ne=[4096, 1024, 1, 1];nb=[144, 2304, 2359296, 2359296]	src1='attn_norm-5':type=f32;ne=[4096, 1, 1, 1];nb=[4, 16384, 16384, 16384] : converting src1 to Q8_1
[SYCL][OP] call ggml_sycl_mul_mat: dst='node_328':type=f32;ne=[4096, 1, 1, 1];nb=[4, 16384, 16384, 16384]	src0='blk.5.attn_output.weight':type=q4_K;ne=[4096, 4096, 1, 1];nb=[144, 2304, 9437184, 9437184]	src1='kqv_out-5':type=f32;ne=[4096, 1, 1, 1];nb=[4, 16384, 16384, 16384]
[SYCL][OP] call ggml_sycl_op_mul_mat/quantize_row_q8_1_sycl: dst='node_328':type=f32;ne=[4096, 1, 1, 1];nb=[4, 16384, 16384, 16384]	src0='blk.5.attn_output.weight':type=q4_K;ne=[4096, 4096, 1, 1];nb=[144, 2304, 9437184, 9437184]	src1='kqv_out-5':type=f32;ne=[4096, 1, 1, 1];nb=[4, 16384, 16384, 16384] : converting src1 to Q8_1
[SYCL][OP] call ggml_sycl_mul_mat_id: dst='ffn_moe_gate-5':type=f32;ne=[960, 2, 1, 1];nb=[4, 3840, 7680, 7680]	src0='blk.5.ffn_gate_exps.weight':type=q4_K;ne=[4096, 960, 16, 1];nb=[144, 2304, 2211840, 35389440]	src1='ffn_norm-5 (reshaped)':type=f32;ne=[4096, 1, 1, 1];nb=[4, 16384, 16384, 16384]	src2='ffn_moe_topk-5':type=i32;ne=[2, 1, 1, 1];nb=[4, 64, 64, 64]
[SYCL][OP] call ggml_sycl_mul_mat_id done
[SYCL][OP] call ggml_sycl_mul_mat_id: dst='ffn_moe_up-5':type=f32;ne=[960, 2, 1, 1];nb=[4, 3840, 7680, 7680]	src0='blk.5.ffn_up_exps.weight':type=q4_K;ne=[4096, 960, 16, 1];nb=[144, 2304, 2211840, 35389440]	src1='ffn_norm-5 (reshaped)':type=f32;ne=[4096, 1, 1, 1];nb=[4, 16384, 16384, 16384]	src2='ffn_moe_topk-5':type=i32;ne=[2, 1, 1, 1];nb=[4, 64, 64, 64]
[SYCL][OP] call ggml_sycl_mul_mat_id done
[SYCL][OP] call ggml_sycl_mul_mat_id: dst='ffn_moe_down-5':type=f32;ne=[4096, 2, 1, 1];nb=[4, 16384, 32768, 32768]	src0='blk.5.ffn_down_exps.weight':type=q5_0;ne=[960, 4096, 16, 1];nb=[22, 660, 2703360, 43253760]	src1='ffn_moe_swiglu-5':type=f32;ne=[960, 2, 1, 1];nb=[4, 3840, 7680, 7680]	src2='ffn_moe_topk-5':type=i32;ne=[2, 1, 1, 1];nb=[4, 64, 64, 64]
[SYCL][OP] call ggml_sycl_mul_mat_id done
[SYCL][OP] call ggml_sycl_mul_mat: dst='Qcur-6':type=f32;ne=[4096, 1, 1, 1];nb=[4, 16384, 16384, 16384]	src0='blk.6.attn_q.weight':type=q4_K;ne=[4096, 4096, 1, 1];nb=[144, 2304, 9437184, 9437184]	src1='attn_norm-6':type=f32;ne=[4096, 1, 1, 1];nb=[4, 16384, 16384, 16384]
[SYCL][OP] call ggml_sycl_op_mul_mat/quantize_row_q8_1_sycl: dst='Qcur-6':type=f32;ne=[4096, 1, 1, 1];nb=[4, 16384, 16384, 16384]	src0='blk.6.attn_q.weight':type=q4_K;ne=[4096, 4096, 1, 1];nb=[144, 2304, 9437184, 9437184]	src1='attn_norm-6':type=f32;ne=[4096, 1, 1, 1];nb=[4, 16384, 16384, 16384] : converting src1 to Q8_1
[SYCL][OP] call ggml_sycl_mul_mat: dst='Kcur-6':type=f32;ne=[1024, 1, 1, 1];nb=[4, 4096, 4096, 4096]	src0='blk.6.attn_k.weight':type=q4_K;ne=[4096, 1024, 1, 1];nb=[144, 2304, 2359296, 2359296]	src1='attn_norm-6':type=f32;ne=[4096, 1, 1, 1];nb=[4, 16384, 16384, 16384]
[SYCL][OP] call ggml_sycl_op_mul_mat/quantize_row_q8_1_sycl: dst='Kcur-6':type=f32;ne=[1024, 1, 1, 1];nb=[4, 4096, 4096, 4096]	src0='blk.6.attn_k.weight':type=q4_K;ne=[4096, 1024, 1, 1];nb=[144, 2304, 2359296, 2359296]	src1='attn_norm-6':type=f32;ne=[4096, 1, 1, 1];nb=[4, 16384, 16384, 16384] : converting src1 to Q8_1
[SYCL][OP] call ggml_sycl_mul_mat: dst='node_387':type=f32;ne=[4096, 1, 1, 1];nb=[4, 16384, 16384, 16384]	src0='blk.6.attn_output.weight':type=q4_K;ne=[4096, 4096, 1, 1];nb=[144, 2304, 9437184, 9437184]	src1='kqv_out-6':type=f32;ne=[4096, 1, 1, 1];nb=[4, 16384, 16384, 16384]
[SYCL][OP] call ggml_sycl_op_mul_mat/quantize_row_q8_1_sycl: dst='node_387':type=f32;ne=[4096, 1, 1, 1];nb=[4, 16384, 16384, 16384]	src0='blk.6.attn_output.weight':type=q4_K;ne=[4096, 4096, 1, 1];nb=[144, 2304, 9437184, 9437184]	src1='kqv_out-6':type=f32;ne=[4096, 1, 1, 1];nb=[4, 16384, 16384, 16384] : converting src1 to Q8_1
[SYCL][OP] call ggml_sycl_mul_mat_id: dst='ffn_moe_gate-6':type=f32;ne=[960, 2, 1, 1];nb=[4, 3840, 7680, 7680]	src0='blk.6.ffn_gate_exps.weight':type=q4_K;ne=[4096, 960, 16, 1];nb=[144, 2304, 2211840, 35389440]	src1='ffn_norm-6 (reshaped)':type=f32;ne=[4096, 1, 1, 1];nb=[4, 16384, 16384, 16384]	src2='ffn_moe_topk-6':type=i32;ne=[2, 1, 1, 1];nb=[4, 64, 64, 64]
[SYCL][OP] call ggml_sycl_mul_mat_id done
[SYCL][OP] call ggml_sycl_mul_mat_id: dst='ffn_moe_up-6':type=f32;ne=[960, 2, 1, 1];nb=[4, 3840, 7680, 7680]	src0='blk.6.ffn_up_exps.weight':type=q4_K;ne=[4096, 960, 16, 1];nb=[144, 2304, 2211840, 35389440]	src1='ffn_norm-6 (reshaped)':type=f32;ne=[4096, 1, 1, 1];nb=[4, 16384, 16384, 16384]	src2='ffn_moe_topk-6':type=i32;ne=[2, 1, 1, 1];nb=[4, 64, 64, 64]
[SYCL][OP] call ggml_sycl_mul_mat_id done
[SYCL][OP] call ggml_sycl_mul_mat_id: dst='ffn_moe_down-6':type=f32;ne=[4096, 2, 1, 1];nb=[4, 16384, 32768, 32768]	src0='blk.6.ffn_down_exps.weight':type=q8_0;ne=[960, 4096, 16, 1];nb=[34, 1020, 4177920, 66846720]	src1='ffn_moe_swiglu-6':type=f32;ne=[960, 2, 1, 1];nb=[4, 3840, 7680, 7680]	src2='ffn_moe_topk-6':type=i32;ne=[2, 1, 1, 1];nb=[4, 64, 64, 64]
[SYCL][OP] call ggml_sycl_mul_mat_id done
[SYCL][OP] call ggml_sycl_mul_mat: dst='Qcur-7':type=f32;ne=[4096, 1, 1, 1];nb=[4, 16384, 16384, 16384]	src0='blk.7.attn_q.weight':type=q4_K;ne=[4096, 4096, 1, 1];nb=[144, 2304, 9437184, 9437184]	src1='attn_norm-7':type=f32;ne=[4096, 1, 1, 1];nb=[4, 16384, 16384, 16384]
[SYCL][OP] call ggml_sycl_op_mul_mat/quantize_row_q8_1_sycl: dst='Qcur-7':type=f32;ne=[4096, 1, 1, 1];nb=[4, 16384, 16384, 16384]	src0='blk.7.attn_q.weight':type=q4_K;ne=[4096, 4096, 1, 1];nb=[144, 2304, 9437184, 9437184]	src1='attn_norm-7':type=f32;ne=[4096, 1, 1, 1];nb=[4, 16384, 16384, 16384] : converting src1 to Q8_1
[SYCL][OP] call ggml_sycl_mul_mat: dst='Vcur-7':type=f32;ne=[1024, 1, 1, 1];nb=[4, 4096, 4096, 4096]	src0='blk.7.attn_v.weight':type=q4_K;ne=[4096, 1024, 1, 1];nb=[144, 2304, 2359296, 2359296]	src1='attn_norm-7':type=f32;ne=[4096, 1, 1, 1];nb=[4, 16384, 16384, 16384]
[SYCL][OP] call ggml_sycl_op_mul_mat/quantize_row_q8_1_sycl: dst='Vcur-7':type=f32;ne=[1024, 1, 1, 1];nb=[4, 4096, 4096, 4096]	src0='blk.7.attn_v.weight':type=q4_K;ne=[4096, 1024, 1, 1];nb=[144, 2304, 2359296, 2359296]	src1='attn_norm-7':type=f32;ne=[4096, 1, 1, 1];nb=[4, 16384, 16384, 16384] : converting src1 to Q8_1
[SYCL][OP] call ggml_sycl_mul_mat: dst='Kcur-7':type=f32;ne=[1024, 1, 1, 1];nb=[4, 4096, 4096, 4096]	src0='blk.7.attn_k.weight':type=q4_K;ne=[4096, 1024, 1, 1];nb=[144, 2304, 2359296, 2359296]	src1='attn_norm-7':type=f32;ne=[4096, 1, 1, 1];nb=[4, 16384, 16384, 16384]
[SYCL][OP] call ggml_sycl_op_mul_mat/quantize_row_q8_1_sycl: dst='Kcur-7':type=f32;ne=[1024, 1, 1, 1];nb=[4, 4096, 4096, 4096]	src0='blk.7.attn_k.weight':type=q4_K;ne=[4096, 1024, 1, 1];nb=[144, 2304, 2359296, 2359296]	src1='attn_norm-7':type=f32;ne=[4096, 1, 1, 1];nb=[4, 16384, 16384, 16384] : converting src1 to Q8_1
[SYCL][OP] call ggml_sycl_mul_mat: dst='node_446':type=f32;ne=[4096, 1, 1, 1];nb=[4, 16384, 16384, 16384]	src0='blk.7.attn_output.weight':type=q4_K;ne=[4096, 4096, 1, 1];nb=[144, 2304, 9437184, 9437184]	src1='kqv_out-7':type=f32;ne=[4096, 1, 1, 1];nb=[4, 16384, 16384, 16384]
[SYCL][OP] call ggml_sycl_op_mul_mat/quantize_row_q8_1_sycl: dst='node_446':type=f32;ne=[4096, 1, 1, 1];nb=[4, 16384, 16384, 16384]	src0='blk.7.attn_output.weight':type=q4_K;ne=[4096, 4096, 1, 1];nb=[144, 2304, 9437184, 9437184]	src1='kqv_out-7':type=f32;ne=[4096, 1, 1, 1];nb=[4, 16384, 16384, 16384] : converting src1 to Q8_1
[SYCL][OP] call ggml_sycl_mul_mat_id: dst='ffn_moe_gate-7':type=f32;ne=[960, 2, 1, 1];nb=[4, 3840, 7680, 7680]	src0='blk.7.ffn_gate_exps.weight':type=q4_K;ne=[4096, 960, 16, 1];nb=[144, 2304, 2211840, 35389440]	src1='ffn_norm-7 (reshaped)':type=f32;ne=[4096, 1, 1, 1];nb=[4, 16384, 16384, 16384]	src2='ffn_moe_topk-7':type=i32;ne=[2, 1, 1, 1];nb=[4, 64, 64, 64]
[SYCL][OP] call ggml_sycl_mul_mat_id done
[SYCL][OP] call ggml_sycl_mul_mat_id: dst='ffn_moe_up-7':type=f32;ne=[960, 2, 1, 1];nb=[4, 3840, 7680, 7680]	src0='blk.7.ffn_up_exps.weight':type=q4_K;ne=[4096, 960, 16, 1];nb=[144, 2304, 2211840, 35389440]	src1='ffn_norm-7 (reshaped)':type=f32;ne=[4096, 1, 1, 1];nb=[4, 16384, 16384, 16384]	src2='ffn_moe_topk-7':type=i32;ne=[2, 1, 1, 1];nb=[4, 64, 64, 64]
[SYCL][OP] call ggml_sycl_mul_mat_id done
[SYCL][OP] call ggml_sycl_mul_mat_id: dst='ffn_moe_down-7':type=f32;ne=[4096, 2, 1, 1];nb=[4, 16384, 32768, 32768]	src0='blk.7.ffn_down_exps.weight':type=q5_0;ne=[960, 4096, 16, 1];nb=[22, 660, 2703360, 43253760]	src1='ffn_moe_swiglu-7':type=f32;ne=[960, 2, 1, 1];nb=[4, 3840, 7680, 7680]	src2='ffn_moe_topk-7':type=i32;ne=[2, 1, 1, 1];nb=[4, 64, 64, 64]
[SYCL][OP] call ggml_sycl_mul_mat_id done
[SYCL][OP] call ggml_sycl_mul_mat: dst='Qcur-8':type=f32;ne=[4096, 1, 1, 1];nb=[4, 16384, 16384, 16384]	src0='blk.8.attn_q.weight':type=q4_K;ne=[4096, 4096, 1, 1];nb=[144, 2304, 9437184, 9437184]	src1='attn_norm-8':type=f32;ne=[4096, 1, 1, 1];nb=[4, 16384, 16384, 16384]
[SYCL][OP] call ggml_sycl_op_mul_mat/quantize_row_q8_1_sycl: dst='Qcur-8':type=f32;ne=[4096, 1, 1, 1];nb=[4, 16384, 16384, 16384]	src0='blk.8.attn_q.weight':type=q4_K;ne=[4096, 4096, 1, 1];nb=[144, 2304, 9437184, 9437184]	src1='attn_norm-8':type=f32;ne=[4096, 1, 1, 1];nb=[4, 16384, 16384, 16384] : converting src1 to Q8_1
[SYCL][OP] call ggml_sycl_mul_mat: dst='Vcur-8':type=f32;ne=[1024, 1, 1, 1];nb=[4, 4096, 4096, 4096]	src0='blk.8.attn_v.weight':type=q4_K;ne=[4096, 1024, 1, 1];nb=[144, 2304, 2359296, 2359296]	src1='attn_norm-8':type=f32;ne=[4096, 1, 1, 1];nb=[4, 16384, 16384, 16384]
[SYCL][OP] call ggml_sycl_op_mul_mat/quantize_row_q8_1_sycl: dst='Vcur-8':type=f32;ne=[1024, 1, 1, 1];nb=[4, 4096, 4096, 4096]	src0='blk.8.attn_v.weight':type=q4_K;ne=[4096, 1024, 1, 1];nb=[144, 2304, 2359296, 2359296]	src1='attn_norm-8':type=f32;ne=[4096, 1, 1, 1];nb=[4, 16384, 16384, 16384] : converting src1 to Q8_1
[SYCL][OP] call ggml_sycl_mul_mat: dst='Kcur-8':type=f32;ne=[1024, 1, 1, 1];nb=[4, 4096, 4096, 4096]	src0='blk.8.attn_k.weight':type=q4_K;ne=[4096, 1024, 1, 1];nb=[144, 2304, 2359296, 2359296]	src1='attn_norm-8':type=f32;ne=[4096, 1, 1, 1];nb=[4, 16384, 16384, 16384]
[SYCL][OP] call ggml_sycl_op_mul_mat/quantize_row_q8_1_sycl: dst='Kcur-8':type=f32;ne=[1024, 1, 1, 1];nb=[4, 4096, 4096, 4096]	src0='blk.8.attn_k.weight':type=q4_K;ne=[4096, 1024, 1, 1];nb=[144, 2304, 2359296, 2359296]	src1='attn_norm-8':type=f32;ne=[4096, 1, 1, 1];nb=[4, 16384, 16384, 16384] : converting src1 to Q8_1
[SYCL][OP] call ggml_sycl_mul_mat: dst='node_505':type=f32;ne=[4096, 1, 1, 1];nb=[4, 16384, 16384, 16384]	src0='blk.8.attn_output.weight':type=q4_K;ne=[4096, 4096, 1, 1];nb=[144, 2304, 9437184, 9437184]	src1='kqv_out-8':type=f32;ne=[4096, 1, 1, 1];nb=[4, 16384, 16384, 16384]
[SYCL][OP] call ggml_sycl_op_mul_mat/quantize_row_q8_1_sycl: dst='node_505':type=f32;ne=[4096, 1, 1, 1];nb=[4, 16384, 16384, 16384]	src0='blk.8.attn_output.weight':type=q4_K;ne=[4096, 4096, 1, 1];nb=[144, 2304, 9437184, 9437184]	src1='kqv_out-8':type=f32;ne=[4096, 1, 1, 1];nb=[4, 16384, 16384, 16384] : converting src1 to Q8_1
[SYCL][OP] call ggml_sycl_mul_mat_id: dst='ffn_moe_gate-8':type=f32;ne=[960, 2, 1, 1];nb=[4, 3840, 7680, 7680]	src0='blk.8.ffn_gate_exps.weight':type=q4_K;ne=[4096, 960, 16, 1];nb=[144, 2304, 2211840, 35389440]	src1='ffn_norm-8 (reshaped)':type=f32;ne=[4096, 1, 1, 1];nb=[4, 16384, 16384, 16384]	src2='ffn_moe_topk-8':type=i32;ne=[2, 1, 1, 1];nb=[4, 64, 64, 64]
[SYCL][OP] call ggml_sycl_mul_mat_id done
[SYCL][OP] call ggml_sycl_mul_mat_id: dst='ffn_moe_up-8':type=f32;ne=[960, 2, 1, 1];nb=[4, 3840, 7680, 7680]	src0='blk.8.ffn_up_exps.weight':type=q4_K;ne=[4096, 960, 16, 1];nb=[144, 2304, 2211840, 35389440]	src1='ffn_norm-8 (reshaped)':type=f32;ne=[4096, 1, 1, 1];nb=[4, 16384, 16384, 16384]	src2='ffn_moe_topk-8':type=i32;ne=[2, 1, 1, 1];nb=[4, 64, 64, 64]
[SYCL][OP] call ggml_sycl_mul_mat_id done
[SYCL][OP] call ggml_sycl_mul_mat_id: dst='ffn_moe_down-8':type=f32;ne=[4096, 2, 1, 1];nb=[4, 16384, 32768, 32768]	src0='blk.8.ffn_down_exps.weight':type=q5_0;ne=[960, 4096, 16, 1];nb=[22, 660, 2703360, 43253760]	src1='ffn_moe_swiglu-8':type=f32;ne=[960, 2, 1, 1];nb=[4, 3840, 7680, 7680]	src2='ffn_moe_topk-8':type=i32;ne=[2, 1, 1, 1];nb=[4, 64, 64, 64]
[SYCL][OP] call ggml_sycl_mul_mat_id done
[SYCL][OP] call ggml_sycl_mul_mat: dst='Qcur-9':type=f32;ne=[4096, 1, 1, 1];nb=[4, 16384, 16384, 16384]	src0='blk.9.attn_q.weight':type=q4_K;ne=[4096, 4096, 1, 1];nb=[144, 2304, 9437184, 9437184]	src1='attn_norm-9':type=f32;ne=[4096, 1, 1, 1];nb=[4, 16384, 16384, 16384]
[SYCL][OP] call ggml_sycl_op_mul_mat/quantize_row_q8_1_sycl: dst='Qcur-9':type=f32;ne=[4096, 1, 1, 1];nb=[4, 16384, 16384, 16384]	src0='blk.9.attn_q.weight':type=q4_K;ne=[4096, 4096, 1, 1];nb=[144, 2304, 9437184, 9437184]	src1='attn_norm-9':type=f32;ne=[4096, 1, 1, 1];nb=[4, 16384, 16384, 16384] : converting src1 to Q8_1
[SYCL][OP] call ggml_sycl_mul_mat: dst='Kcur-9':type=f32;ne=[1024, 1, 1, 1];nb=[4, 4096, 4096, 4096]	src0='blk.9.attn_k.weight':type=q4_K;ne=[4096, 1024, 1, 1];nb=[144, 2304, 2359296, 2359296]	src1='attn_norm-9':type=f32;ne=[4096, 1, 1, 1];nb=[4, 16384, 16384, 16384]
[SYCL][OP] call ggml_sycl_op_mul_mat/quantize_row_q8_1_sycl: dst='Kcur-9':type=f32;ne=[1024, 1, 1, 1];nb=[4, 4096, 4096, 4096]	src0='blk.9.attn_k.weight':type=q4_K;ne=[4096, 1024, 1, 1];nb=[144, 2304, 2359296, 2359296]	src1='attn_norm-9':type=f32;ne=[4096, 1, 1, 1];nb=[4, 16384, 16384, 16384] : converting src1 to Q8_1
[SYCL][OP] call ggml_sycl_mul_mat: dst='node_564':type=f32;ne=[4096, 1, 1, 1];nb=[4, 16384, 16384, 16384]	src0='blk.9.attn_output.weight':type=q4_K;ne=[4096, 4096, 1, 1];nb=[144, 2304, 9437184, 9437184]	src1='kqv_out-9':type=f32;ne=[4096, 1, 1, 1];nb=[4, 16384, 16384, 16384]
[SYCL][OP] call ggml_sycl_op_mul_mat/quantize_row_q8_1_sycl: dst='node_564':type=f32;ne=[4096, 1, 1, 1];nb=[4, 16384, 16384, 16384]	src0='blk.9.attn_output.weight':type=q4_K;ne=[4096, 4096, 1, 1];nb=[144, 2304, 9437184, 9437184]	src1='kqv_out-9':type=f32;ne=[4096, 1, 1, 1];nb=[4, 16384, 16384, 16384] : converting src1 to Q8_1
[SYCL][OP] call ggml_sycl_mul_mat_id: dst='ffn_moe_gate-9':type=f32;ne=[960, 2, 1, 1];nb=[4, 3840, 7680, 7680]	src0='blk.9.ffn_gate_exps.weight':type=q4_K;ne=[4096, 960, 16, 1];nb=[144, 2304, 2211840, 35389440]	src1='ffn_norm-9 (reshaped)':type=f32;ne=[4096, 1, 1, 1];nb=[4, 16384, 16384, 16384]	src2='ffn_moe_topk-9':type=i32;ne=[2, 1, 1, 1];nb=[4, 64, 64, 64]
[SYCL][OP] call ggml_sycl_mul_mat_id done
[SYCL][OP] call ggml_sycl_mul_mat_id: dst='ffn_moe_up-9':type=f32;ne=[960, 2, 1, 1];nb=[4, 3840, 7680, 7680]	src0='blk.9.ffn_up_exps.weight':type=q4_K;ne=[4096, 960, 16, 1];nb=[144, 2304, 2211840, 35389440]	src1='ffn_norm-9 (reshaped)':type=f32;ne=[4096, 1, 1, 1];nb=[4, 16384, 16384, 16384]	src2='ffn_moe_topk-9':type=i32;ne=[2, 1, 1, 1];nb=[4, 64, 64, 64]
[SYCL][OP] call ggml_sycl_mul_mat_id done
[SYCL][OP] call ggml_sycl_mul_mat_id: dst='ffn_moe_down-9':type=f32;ne=[4096, 2, 1, 1];nb=[4, 16384, 32768, 32768]	src0='blk.9.ffn_down_exps.weight':type=q8_0;ne=[960, 4096, 16, 1];nb=[34, 1020, 4177920, 66846720]	src1='ffn_moe_swiglu-9':type=f32;ne=[960, 2, 1, 1];nb=[4, 3840, 7680, 7680]	src2='ffn_moe_topk-9':type=i32;ne=[2, 1, 1, 1];nb=[4, 64, 64, 64]
[SYCL][OP] call ggml_sycl_mul_mat_id done
[SYCL][OP] call ggml_sycl_mul_mat: dst='Qcur-10':type=f32;ne=[4096, 1, 1, 1];nb=[4, 16384, 16384, 16384]	src0='blk.10.attn_q.weight':type=q4_K;ne=[4096, 4096, 1, 1];nb=[144, 2304, 9437184, 9437184]	src1='attn_norm-10':type=f32;ne=[4096, 1, 1, 1];nb=[4, 16384, 16384, 16384]
[SYCL][OP] call ggml_sycl_op_mul_mat/quantize_row_q8_1_sycl: dst='Qcur-10':type=f32;ne=[4096, 1, 1, 1];nb=[4, 16384, 16384, 16384]	src0='blk.10.attn_q.weight':type=q4_K;ne=[4096, 4096, 1, 1];nb=[144, 2304, 9437184, 9437184]	src1='attn_norm-10':type=f32;ne=[4096, 1, 1, 1];nb=[4, 16384, 16384, 16384] : converting src1 to Q8_1
[SYCL][OP] call ggml_sycl_mul_mat: dst='Vcur-10':type=f32;ne=[1024, 1, 1, 1];nb=[4, 4096, 4096, 4096]	src0='blk.10.attn_v.weight':type=q4_K;ne=[4096, 1024, 1, 1];nb=[144, 2304, 2359296, 2359296]	src1='attn_norm-10':type=f32;ne=[4096, 1, 1, 1];nb=[4, 16384, 16384, 16384]
[SYCL][OP] call ggml_sycl_op_mul_mat/quantize_row_q8_1_sycl: dst='Vcur-10':type=f32;ne=[1024, 1, 1, 1];nb=[4, 4096, 4096, 4096]	src0='blk.10.attn_v.weight':type=q4_K;ne=[4096, 1024, 1, 1];nb=[144, 2304, 2359296, 2359296]	src1='attn_norm-10':type=f32;ne=[4096, 1, 1, 1];nb=[4, 16384, 16384, 16384] : converting src1 to Q8_1
[SYCL][OP] call ggml_sycl_mul_mat: dst='Kcur-10':type=f32;ne=[1024, 1, 1, 1];nb=[4, 4096, 4096, 4096]	src0='blk.10.attn_k.weight':type=q4_K;ne=[4096, 1024, 1, 1];nb=[144, 2304, 2359296, 2359296]	src1='attn_norm-10':type=f32;ne=[4096, 1, 1, 1];nb=[4, 16384, 16384, 16384]
[SYCL][OP] call ggml_sycl_op_mul_mat/quantize_row_q8_1_sycl: dst='Kcur-10':type=f32;ne=[1024, 1, 1, 1];nb=[4, 4096, 4096, 4096]	src0='blk.10.attn_k.weight':type=q4_K;ne=[4096, 1024, 1, 1];nb=[144, 2304, 2359296, 2359296]	src1='attn_norm-10':type=f32;ne=[4096, 1, 1, 1];nb=[4, 16384, 16384, 16384] : converting src1 to Q8_1
[SYCL][OP] call ggml_sycl_mul_mat: dst='node_623':type=f32;ne=[4096, 1, 1, 1];nb=[4, 16384, 16384, 16384]	src0='blk.10.attn_output.weight':type=q4_K;ne=[4096, 4096, 1, 1];nb=[144, 2304, 9437184, 9437184]	src1='kqv_out-10':type=f32;ne=[4096, 1, 1, 1];nb=[4, 16384, 16384, 16384]
[SYCL][OP] call ggml_sycl_op_mul_mat/quantize_row_q8_1_sycl: dst='node_623':type=f32;ne=[4096, 1, 1, 1];nb=[4, 16384, 16384, 16384]	src0='blk.10.attn_output.weight':type=q4_K;ne=[4096, 4096, 1, 1];nb=[144, 2304, 9437184, 9437184]	src1='kqv_out-10':type=f32;ne=[4096, 1, 1, 1];nb=[4, 16384, 16384, 16384] : converting src1 to Q8_1
[SYCL][OP] call ggml_sycl_mul_mat_id: dst='ffn_moe_gate-10':type=f32;ne=[960, 2, 1, 1];nb=[4, 3840, 7680, 7680]	src0='blk.10.ffn_gate_exps.weight':type=q4_K;ne=[4096, 960, 16, 1];nb=[144, 2304, 2211840, 35389440]	src1='ffn_norm-10 (reshaped)':type=f32;ne=[4096, 1, 1, 1];nb=[4, 16384, 16384, 16384]	src2='ffn_moe_topk-10':type=i32;ne=[2, 1, 1, 1];nb=[4, 64, 64, 64]
[SYCL][OP] call ggml_sycl_mul_mat_id done
[SYCL][OP] call ggml_sycl_mul_mat_id: dst='ffn_moe_up-10':type=f32;ne=[960, 2, 1, 1];nb=[4, 3840, 7680, 7680]	src0='blk.10.ffn_up_exps.weight':type=q4_K;ne=[4096, 960, 16, 1];nb=[144, 2304, 2211840, 35389440]	src1='ffn_norm-10 (reshaped)':type=f32;ne=[4096, 1, 1, 1];nb=[4, 16384, 16384, 16384]	src2='ffn_moe_topk-10':type=i32;ne=[2, 1, 1, 1];nb=[4, 64, 64, 64]
[SYCL][OP] call ggml_sycl_mul_mat_id done
[SYCL][OP] call ggml_sycl_mul_mat_id: dst='ffn_moe_down-10':type=f32;ne=[4096, 2, 1, 1];nb=[4, 16384, 32768, 32768]	src0='blk.10.ffn_down_exps.weight':type=q5_0;ne=[960, 4096, 16, 1];nb=[22, 660, 2703360, 43253760]	src1='ffn_moe_swiglu-10':type=f32;ne=[960, 2, 1, 1];nb=[4, 3840, 7680, 7680]	src2='ffn_moe_topk-10':type=i32;ne=[2, 1, 1, 1];nb=[4, 64, 64, 64]
[SYCL][OP] call ggml_sycl_mul_mat_id done
[SYCL][OP] call ggml_sycl_mul_mat: dst='Qcur-11':type=f32;ne=[4096, 1, 1, 1];nb=[4, 16384, 16384, 16384]	src0='blk.11.attn_q.weight':type=q4_K;ne=[4096, 4096, 1, 1];nb=[144, 2304, 9437184, 9437184]	src1='attn_norm-11':type=f32;ne=[4096, 1, 1, 1];nb=[4, 16384, 16384, 16384]
[SYCL][OP] call ggml_sycl_op_mul_mat/quantize_row_q8_1_sycl: dst='Qcur-11':type=f32;ne=[4096, 1, 1, 1];nb=[4, 16384, 16384, 16384]	src0='blk.11.attn_q.weight':type=q4_K;ne=[4096, 4096, 1, 1];nb=[144, 2304, 9437184, 9437184]	src1='attn_norm-11':type=f32;ne=[4096, 1, 1, 1];nb=[4, 16384, 16384, 16384] : converting src1 to Q8_1
[SYCL][OP] call ggml_sycl_mul_mat: dst='Vcur-11':type=f32;ne=[1024, 1, 1, 1];nb=[4, 4096, 4096, 4096]	src0='blk.11.attn_v.weight':type=q4_K;ne=[4096, 1024, 1, 1];nb=[144, 2304, 2359296, 2359296]	src1='attn_norm-11':type=f32;ne=[4096, 1, 1, 1];nb=[4, 16384, 16384, 16384]
[SYCL][OP] call ggml_sycl_op_mul_mat/quantize_row_q8_1_sycl: dst='Vcur-11':type=f32;ne=[1024, 1, 1, 1];nb=[4, 4096, 4096, 4096]	src0='blk.11.attn_v.weight':type=q4_K;ne=[4096, 1024, 1, 1];nb=[144, 2304, 2359296, 2359296]	src1='attn_norm-11':type=f32;ne=[4096, 1, 1, 1];nb=[4, 16384, 16384, 16384] : converting src1 to Q8_1
[SYCL][OP] call ggml_sycl_mul_mat: dst='Kcur-11':type=f32;ne=[1024, 1, 1, 1];nb=[4, 4096, 4096, 4096]	src0='blk.11.attn_k.weight':type=q4_K;ne=[4096, 1024, 1, 1];nb=[144, 2304, 2359296, 2359296]	src1='attn_norm-11':type=f32;ne=[4096, 1, 1, 1];nb=[4, 16384, 16384, 16384]
[SYCL][OP] call ggml_sycl_op_mul_mat/quantize_row_q8_1_sycl: dst='Kcur-11':type=f32;ne=[1024, 1, 1, 1];nb=[4, 4096, 4096, 4096]	src0='blk.11.attn_k.weight':type=q4_K;ne=[4096, 1024, 1, 1];nb=[144, 2304, 2359296, 2359296]	src1='attn_norm-11':type=f32;ne=[4096, 1, 1, 1];nb=[4, 16384, 16384, 16384] : converting src1 to Q8_1
[SYCL][OP] call ggml_sycl_mul_mat: dst='node_682':type=f32;ne=[4096, 1, 1, 1];nb=[4, 16384, 16384, 16384]	src0='blk.11.attn_output.weight':type=q4_K;ne=[4096, 4096, 1, 1];nb=[144, 2304, 9437184, 9437184]	src1='kqv_out-11':type=f32;ne=[4096, 1, 1, 1];nb=[4, 16384, 16384, 16384]
[SYCL][OP] call ggml_sycl_op_mul_mat/quantize_row_q8_1_sycl: dst='node_682':type=f32;ne=[4096, 1, 1, 1];nb=[4, 16384, 16384, 16384]	src0='blk.11.attn_output.weight':type=q4_K;ne=[4096, 4096, 1, 1];nb=[144, 2304, 9437184, 9437184]	src1='kqv_out-11':type=f32;ne=[4096, 1, 1, 1];nb=[4, 16384, 16384, 16384] : converting src1 to Q8_1
[SYCL][OP] call ggml_sycl_mul_mat_id: dst='ffn_moe_gate-11':type=f32;ne=[960, 2, 1, 1];nb=[4, 3840, 7680, 7680]	src0='blk.11.ffn_gate_exps.weight':type=q4_K;ne=[4096, 960, 16, 1];nb=[144, 2304, 2211840, 35389440]	src1='ffn_norm-11 (reshaped)':type=f32;ne=[4096, 1, 1, 1];nb=[4, 16384, 16384, 16384]	src2='ffn_moe_topk-11':type=i32;ne=[2, 1, 1, 1];nb=[4, 64, 64, 64]
[SYCL][OP] call ggml_sycl_mul_mat_id done
[SYCL][OP] call ggml_sycl_mul_mat_id: dst='ffn_moe_up-11':type=f32;ne=[960, 2, 1, 1];nb=[4, 3840, 7680, 7680]	src0='blk.11.ffn_up_exps.weight':type=q4_K;ne=[4096, 960, 16, 1];nb=[144, 2304, 2211840, 35389440]	src1='ffn_norm-11 (reshaped)':type=f32;ne=[4096, 1, 1, 1];nb=[4, 16384, 16384, 16384]	src2='ffn_moe_topk-11':type=i32;ne=[2, 1, 1, 1];nb=[4, 64, 64, 64]
[SYCL][OP] call ggml_sycl_mul_mat_id done
[SYCL][OP] call ggml_sycl_mul_mat_id: dst='ffn_moe_down-11':type=f32;ne=[4096, 2, 1, 1];nb=[4, 16384, 32768, 32768]	src0='blk.11.ffn_down_exps.weight':type=q5_0;ne=[960, 4096, 16, 1];nb=[22, 660, 2703360, 43253760]	src1='ffn_moe_swiglu-11':type=f32;ne=[960, 2, 1, 1];nb=[4, 3840, 7680, 7680]	src2='ffn_moe_topk-11':type=i32;ne=[2, 1, 1, 1];nb=[4, 64, 64, 64]
[SYCL][OP] call ggml_sycl_mul_mat_id done
[SYCL][OP] call ggml_sycl_mul_mat: dst='Qcur-12':type=f32;ne=[4096, 1, 1, 1];nb=[4, 16384, 16384, 16384]	src0='blk.12.attn_q.weight':type=q4_K;ne=[4096, 4096, 1, 1];nb=[144, 2304, 9437184, 9437184]	src1='attn_norm-12':type=f32;ne=[4096, 1, 1, 1];nb=[4, 16384, 16384, 16384]
[SYCL][OP] call ggml_sycl_op_mul_mat/quantize_row_q8_1_sycl: dst='Qcur-12':type=f32;ne=[4096, 1, 1, 1];nb=[4, 16384, 16384, 16384]	src0='blk.12.attn_q.weight':type=q4_K;ne=[4096, 4096, 1, 1];nb=[144, 2304, 9437184, 9437184]	src1='attn_norm-12':type=f32;ne=[4096, 1, 1, 1];nb=[4, 16384, 16384, 16384] : converting src1 to Q8_1
[SYCL][OP] call ggml_sycl_mul_mat: dst='Kcur-12':type=f32;ne=[1024, 1, 1, 1];nb=[4, 4096, 4096, 4096]	src0='blk.12.attn_k.weight':type=q4_K;ne=[4096, 1024, 1, 1];nb=[144, 2304, 2359296, 2359296]	src1='attn_norm-12':type=f32;ne=[4096, 1, 1, 1];nb=[4, 16384, 16384, 16384]
[SYCL][OP] call ggml_sycl_op_mul_mat/quantize_row_q8_1_sycl: dst='Kcur-12':type=f32;ne=[1024, 1, 1, 1];nb=[4, 4096, 4096, 4096]	src0='blk.12.attn_k.weight':type=q4_K;ne=[4096, 1024, 1, 1];nb=[144, 2304, 2359296, 2359296]	src1='attn_norm-12':type=f32;ne=[4096, 1, 1, 1];nb=[4, 16384, 16384, 16384] : converting src1 to Q8_1
[SYCL][OP] call ggml_sycl_mul_mat: dst='node_741':type=f32;ne=[4096, 1, 1, 1];nb=[4, 16384, 16384, 16384]	src0='blk.12.attn_output.weight':type=q4_K;ne=[4096, 4096, 1, 1];nb=[144, 2304, 9437184, 9437184]	src1='kqv_out-12':type=f32;ne=[4096, 1, 1, 1];nb=[4, 16384, 16384, 16384]
[SYCL][OP] call ggml_sycl_op_mul_mat/quantize_row_q8_1_sycl: dst='node_741':type=f32;ne=[4096, 1, 1, 1];nb=[4, 16384, 16384, 16384]	src0='blk.12.attn_output.weight':type=q4_K;ne=[4096, 4096, 1, 1];nb=[144, 2304, 9437184, 9437184]	src1='kqv_out-12':type=f32;ne=[4096, 1, 1, 1];nb=[4, 16384, 16384, 16384] : converting src1 to Q8_1
[SYCL][OP] call ggml_sycl_mul_mat_id: dst='ffn_moe_gate-12':type=f32;ne=[960, 2, 1, 1];nb=[4, 3840, 7680, 7680]	src0='blk.12.ffn_gate_exps.weight':type=q4_K;ne=[4096, 960, 16, 1];nb=[144, 2304, 2211840, 35389440]	src1='ffn_norm-12 (reshaped)':type=f32;ne=[4096, 1, 1, 1];nb=[4, 16384, 16384, 16384]	src2='ffn_moe_topk-12':type=i32;ne=[2, 1, 1, 1];nb=[4, 64, 64, 64]
[SYCL][OP] call ggml_sycl_mul_mat_id done
[SYCL][OP] call ggml_sycl_mul_mat_id: dst='ffn_moe_up-12':type=f32;ne=[960, 2, 1, 1];nb=[4, 3840, 7680, 7680]	src0='blk.12.ffn_up_exps.weight':type=q4_K;ne=[4096, 960, 16, 1];nb=[144, 2304, 2211840, 35389440]	src1='ffn_norm-12 (reshaped)':type=f32;ne=[4096, 1, 1, 1];nb=[4, 16384, 16384, 16384]	src2='ffn_moe_topk-12':type=i32;ne=[2, 1, 1, 1];nb=[4, 64, 64, 64]
[SYCL][OP] call ggml_sycl_mul_mat_id done
[SYCL][OP] call ggml_sycl_mul_mat_id: dst='ffn_moe_down-12':type=f32;ne=[4096, 2, 1, 1];nb=[4, 16384, 32768, 32768]	src0='blk.12.ffn_down_exps.weight':type=q8_0;ne=[960, 4096, 16, 1];nb=[34, 1020, 4177920, 66846720]	src1='ffn_moe_swiglu-12':type=f32;ne=[960, 2, 1, 1];nb=[4, 3840, 7680, 7680]	src2='ffn_moe_topk-12':type=i32;ne=[2, 1, 1, 1];nb=[4, 64, 64, 64]
[SYCL][OP] call ggml_sycl_mul_mat_id done
[SYCL][OP] call ggml_sycl_mul_mat: dst='Qcur-13':type=f32;ne=[4096, 1, 1, 1];nb=[4, 16384, 16384, 16384]	src0='blk.13.attn_q.weight':type=q4_K;ne=[4096, 4096, 1, 1];nb=[144, 2304, 9437184, 9437184]	src1='attn_norm-13':type=f32;ne=[4096, 1, 1, 1];nb=[4, 16384, 16384, 16384]
[SYCL][OP] call ggml_sycl_op_mul_mat/quantize_row_q8_1_sycl: dst='Qcur-13':type=f32;ne=[4096, 1, 1, 1];nb=[4, 16384, 16384, 16384]	src0='blk.13.attn_q.weight':type=q4_K;ne=[4096, 4096, 1, 1];nb=[144, 2304, 9437184, 9437184]	src1='attn_norm-13':type=f32;ne=[4096, 1, 1, 1];nb=[4, 16384, 16384, 16384] : converting src1 to Q8_1
[SYCL][OP] call ggml_sycl_mul_mat: dst='Vcur-13':type=f32;ne=[1024, 1, 1, 1];nb=[4, 4096, 4096, 4096]	src0='blk.13.attn_v.weight':type=q4_K;ne=[4096, 1024, 1, 1];nb=[144, 2304, 2359296, 2359296]	src1='attn_norm-13':type=f32;ne=[4096, 1, 1, 1];nb=[4, 16384, 16384, 16384]
[SYCL][OP] call ggml_sycl_op_mul_mat/quantize_row_q8_1_sycl: dst='Vcur-13':type=f32;ne=[1024, 1, 1, 1];nb=[4, 4096, 4096, 4096]	src0='blk.13.attn_v.weight':type=q4_K;ne=[4096, 1024, 1, 1];nb=[144, 2304, 2359296, 2359296]	src1='attn_norm-13':type=f32;ne=[4096, 1, 1, 1];nb=[4, 16384, 16384, 16384] : converting src1 to Q8_1
[SYCL][OP] call ggml_sycl_mul_mat: dst='Kcur-13':type=f32;ne=[1024, 1, 1, 1];nb=[4, 4096, 4096, 4096]	src0='blk.13.attn_k.weight':type=q4_K;ne=[4096, 1024, 1, 1];nb=[144, 2304, 2359296, 2359296]	src1='attn_norm-13':type=f32;ne=[4096, 1, 1, 1];nb=[4, 16384, 16384, 16384]
[SYCL][OP] call ggml_sycl_op_mul_mat/quantize_row_q8_1_sycl: dst='Kcur-13':type=f32;ne=[1024, 1, 1, 1];nb=[4, 4096, 4096, 4096]	src0='blk.13.attn_k.weight':type=q4_K;ne=[4096, 1024, 1, 1];nb=[144, 2304, 2359296, 2359296]	src1='attn_norm-13':type=f32;ne=[4096, 1, 1, 1];nb=[4, 16384, 16384, 16384] : converting src1 to Q8_1
[SYCL][OP] call ggml_sycl_mul_mat: dst='node_800':type=f32;ne=[4096, 1, 1, 1];nb=[4, 16384, 16384, 16384]	src0='blk.13.attn_output.weight':type=q4_K;ne=[4096, 4096, 1, 1];nb=[144, 2304, 9437184, 9437184]	src1='kqv_out-13':type=f32;ne=[4096, 1, 1, 1];nb=[4, 16384, 16384, 16384]
[SYCL][OP] call ggml_sycl_op_mul_mat/quantize_row_q8_1_sycl: dst='node_800':type=f32;ne=[4096, 1, 1, 1];nb=[4, 16384, 16384, 16384]	src0='blk.13.attn_output.weight':type=q4_K;ne=[4096, 4096, 1, 1];nb=[144, 2304, 9437184, 9437184]	src1='kqv_out-13':type=f32;ne=[4096, 1, 1, 1];nb=[4, 16384, 16384, 16384] : converting src1 to Q8_1
[SYCL][OP] call ggml_sycl_mul_mat_id: dst='ffn_moe_gate-13':type=f32;ne=[960, 2, 1, 1];nb=[4, 3840, 7680, 7680]	src0='blk.13.ffn_gate_exps.weight':type=q4_K;ne=[4096, 960, 16, 1];nb=[144, 2304, 2211840, 35389440]	src1='ffn_norm-13 (reshaped)':type=f32;ne=[4096, 1, 1, 1];nb=[4, 16384, 16384, 16384]	src2='ffn_moe_topk-13':type=i32;ne=[2, 1, 1, 1];nb=[4, 64, 64, 64]
[SYCL][OP] call ggml_sycl_mul_mat_id done
[SYCL][OP] call ggml_sycl_mul_mat_id: dst='ffn_moe_up-13':type=f32;ne=[960, 2, 1, 1];nb=[4, 3840, 7680, 7680]	src0='blk.13.ffn_up_exps.weight':type=q4_K;ne=[4096, 960, 16, 1];nb=[144, 2304, 2211840, 35389440]	src1='ffn_norm-13 (reshaped)':type=f32;ne=[4096, 1, 1, 1];nb=[4, 16384, 16384, 16384]	src2='ffn_moe_topk-13':type=i32;ne=[2, 1, 1, 1];nb=[4, 64, 64, 64]
[SYCL][OP] call ggml_sycl_mul_mat_id done
[SYCL][OP] call ggml_sycl_mul_mat_id: dst='ffn_moe_down-13':type=f32;ne=[4096, 2, 1, 1];nb=[4, 16384, 32768, 32768]	src0='blk.13.ffn_down_exps.weight':type=q5_0;ne=[960, 4096, 16, 1];nb=[22, 660, 2703360, 43253760]	src1='ffn_moe_swiglu-13':type=f32;ne=[960, 2, 1, 1];nb=[4, 3840, 7680, 7680]	src2='ffn_moe_topk-13':type=i32;ne=[2, 1, 1, 1];nb=[4, 64, 64, 64]
[SYCL][OP] call ggml_sycl_mul_mat_id done
[SYCL][OP] call ggml_sycl_mul_mat: dst='Qcur-14':type=f32;ne=[4096, 1, 1, 1];nb=[4, 16384, 16384, 16384]	src0='blk.14.attn_q.weight':type=q4_K;ne=[4096, 4096, 1, 1];nb=[144, 2304, 9437184, 9437184]	src1='attn_norm-14':type=f32;ne=[4096, 1, 1, 1];nb=[4, 16384, 16384, 16384]
[SYCL][OP] call ggml_sycl_op_mul_mat/quantize_row_q8_1_sycl: dst='Qcur-14':type=f32;ne=[4096, 1, 1, 1];nb=[4, 16384, 16384, 16384]	src0='blk.14.attn_q.weight':type=q4_K;ne=[4096, 4096, 1, 1];nb=[144, 2304, 9437184, 9437184]	src1='attn_norm-14':type=f32;ne=[4096, 1, 1, 1];nb=[4, 16384, 16384, 16384] : converting src1 to Q8_1
[SYCL][OP] call ggml_sycl_mul_mat: dst='Vcur-14':type=f32;ne=[1024, 1, 1, 1];nb=[4, 4096, 4096, 4096]	src0='blk.14.attn_v.weight':type=q4_K;ne=[4096, 1024, 1, 1];nb=[144, 2304, 2359296, 2359296]	src1='attn_norm-14':type=f32;ne=[4096, 1, 1, 1];nb=[4, 16384, 16384, 16384]
[SYCL][OP] call ggml_sycl_op_mul_mat/quantize_row_q8_1_sycl: dst='Vcur-14':type=f32;ne=[1024, 1, 1, 1];nb=[4, 4096, 4096, 4096]	src0='blk.14.attn_v.weight':type=q4_K;ne=[4096, 1024, 1, 1];nb=[144, 2304, 2359296, 2359296]	src1='attn_norm-14':type=f32;ne=[4096, 1, 1, 1];nb=[4, 16384, 16384, 16384] : converting src1 to Q8_1
[SYCL][OP] call ggml_sycl_mul_mat: dst='Kcur-14':type=f32;ne=[1024, 1, 1, 1];nb=[4, 4096, 4096, 4096]	src0='blk.14.attn_k.weight':type=q4_K;ne=[4096, 1024, 1, 1];nb=[144, 2304, 2359296, 2359296]	src1='attn_norm-14':type=f32;ne=[4096, 1, 1, 1];nb=[4, 16384, 16384, 16384]
[SYCL][OP] call ggml_sycl_op_mul_mat/quantize_row_q8_1_sycl: dst='Kcur-14':type=f32;ne=[1024, 1, 1, 1];nb=[4, 4096, 4096, 4096]	src0='blk.14.attn_k.weight':type=q4_K;ne=[4096, 1024, 1, 1];nb=[144, 2304, 2359296, 2359296]	src1='attn_norm-14':type=f32;ne=[4096, 1, 1, 1];nb=[4, 16384, 16384, 16384] : converting src1 to Q8_1
[SYCL][OP] call ggml_sycl_mul_mat: dst='node_859':type=f32;ne=[4096, 1, 1, 1];nb=[4, 16384, 16384, 16384]	src0='blk.14.attn_output.weight':type=q4_K;ne=[4096, 4096, 1, 1];nb=[144, 2304, 9437184, 9437184]	src1='kqv_out-14':type=f32;ne=[4096, 1, 1, 1];nb=[4, 16384, 16384, 16384]
[SYCL][OP] call ggml_sycl_op_mul_mat/quantize_row_q8_1_sycl: dst='node_859':type=f32;ne=[4096, 1, 1, 1];nb=[4, 16384, 16384, 16384]	src0='blk.14.attn_output.weight':type=q4_K;ne=[4096, 4096, 1, 1];nb=[144, 2304, 9437184, 9437184]	src1='kqv_out-14':type=f32;ne=[4096, 1, 1, 1];nb=[4, 16384, 16384, 16384] : converting src1 to Q8_1
[SYCL][OP] call ggml_sycl_mul_mat_id: dst='ffn_moe_gate-14':type=f32;ne=[960, 2, 1, 1];nb=[4, 3840, 7680, 7680]	src0='blk.14.ffn_gate_exps.weight':type=q4_K;ne=[4096, 960, 16, 1];nb=[144, 2304, 2211840, 35389440]	src1='ffn_norm-14 (reshaped)':type=f32;ne=[4096, 1, 1, 1];nb=[4, 16384, 16384, 16384]	src2='ffn_moe_topk-14':type=i32;ne=[2, 1, 1, 1];nb=[4, 64, 64, 64]
[SYCL][OP] call ggml_sycl_mul_mat_id done
[SYCL][OP] call ggml_sycl_mul_mat_id: dst='ffn_moe_up-14':type=f32;ne=[960, 2, 1, 1];nb=[4, 3840, 7680, 7680]	src0='blk.14.ffn_up_exps.weight':type=q4_K;ne=[4096, 960, 16, 1];nb=[144, 2304, 2211840, 35389440]	src1='ffn_norm-14 (reshaped)':type=f32;ne=[4096, 1, 1, 1];nb=[4, 16384, 16384, 16384]	src2='ffn_moe_topk-14':type=i32;ne=[2, 1, 1, 1];nb=[4, 64, 64, 64]
[SYCL][OP] call ggml_sycl_mul_mat_id done
[SYCL][OP] call ggml_sycl_mul_mat_id: dst='ffn_moe_down-14':type=f32;ne=[4096, 2, 1, 1];nb=[4, 16384, 32768, 32768]	src0='blk.14.ffn_down_exps.weight':type=q5_0;ne=[960, 4096, 16, 1];nb=[22, 660, 2703360, 43253760]	src1='ffn_moe_swiglu-14':type=f32;ne=[960, 2, 1, 1];nb=[4, 3840, 7680, 7680]	src2='ffn_moe_topk-14':type=i32;ne=[2, 1, 1, 1];nb=[4, 64, 64, 64]
[SYCL][OP] call ggml_sycl_mul_mat_id done
[SYCL][OP] call ggml_sycl_mul_mat: dst='Qcur-15':type=f32;ne=[4096, 1, 1, 1];nb=[4, 16384, 16384, 16384]	src0='blk.15.attn_q.weight':type=q4_K;ne=[4096, 4096, 1, 1];nb=[144, 2304, 9437184, 9437184]	src1='attn_norm-15':type=f32;ne=[4096, 1, 1, 1];nb=[4, 16384, 16384, 16384]
[SYCL][OP] call ggml_sycl_op_mul_mat/quantize_row_q8_1_sycl: dst='Qcur-15':type=f32;ne=[4096, 1, 1, 1];nb=[4, 16384, 16384, 16384]	src0='blk.15.attn_q.weight':type=q4_K;ne=[4096, 4096, 1, 1];nb=[144, 2304, 9437184, 9437184]	src1='attn_norm-15':type=f32;ne=[4096, 1, 1, 1];nb=[4, 16384, 16384, 16384] : converting src1 to Q8_1
[SYCL][OP] call ggml_sycl_mul_mat: dst='Kcur-15':type=f32;ne=[1024, 1, 1, 1];nb=[4, 4096, 4096, 4096]	src0='blk.15.attn_k.weight':type=q4_K;ne=[4096, 1024, 1, 1];nb=[144, 2304, 2359296, 2359296]	src1='attn_norm-15':type=f32;ne=[4096, 1, 1, 1];nb=[4, 16384, 16384, 16384]
[SYCL][OP] call ggml_sycl_op_mul_mat/quantize_row_q8_1_sycl: dst='Kcur-15':type=f32;ne=[1024, 1, 1, 1];nb=[4, 4096, 4096, 4096]	src0='blk.15.attn_k.weight':type=q4_K;ne=[4096, 1024, 1, 1];nb=[144, 2304, 2359296, 2359296]	src1='attn_norm-15':type=f32;ne=[4096, 1, 1, 1];nb=[4, 16384, 16384, 16384] : converting src1 to Q8_1
[SYCL][OP] call ggml_sycl_mul_mat: dst='node_918':type=f32;ne=[4096, 1, 1, 1];nb=[4, 16384, 16384, 16384]	src0='blk.15.attn_output.weight':type=q4_K;ne=[4096, 4096, 1, 1];nb=[144, 2304, 9437184, 9437184]	src1='kqv_out-15':type=f32;ne=[4096, 1, 1, 1];nb=[4, 16384, 16384, 16384]
[SYCL][OP] call ggml_sycl_op_mul_mat/quantize_row_q8_1_sycl: dst='node_918':type=f32;ne=[4096, 1, 1, 1];nb=[4, 16384, 16384, 16384]	src0='blk.15.attn_output.weight':type=q4_K;ne=[4096, 4096, 1, 1];nb=[144, 2304, 9437184, 9437184]	src1='kqv_out-15':type=f32;ne=[4096, 1, 1, 1];nb=[4, 16384, 16384, 16384] : converting src1 to Q8_1
[SYCL][OP] call ggml_sycl_mul_mat_id: dst='ffn_moe_gate-15':type=f32;ne=[960, 2, 1, 1];nb=[4, 3840, 7680, 7680]	src0='blk.15.ffn_gate_exps.weight':type=q4_K;ne=[4096, 960, 16, 1];nb=[144, 2304, 2211840, 35389440]	src1='ffn_norm-15 (reshaped)':type=f32;ne=[4096, 1, 1, 1];nb=[4, 16384, 16384, 16384]	src2='ffn_moe_topk-15':type=i32;ne=[2, 1, 1, 1];nb=[4, 64, 64, 64]
[SYCL][OP] call ggml_sycl_mul_mat_id done
[SYCL][OP] call ggml_sycl_mul_mat_id: dst='ffn_moe_up-15':type=f32;ne=[960, 2, 1, 1];nb=[4, 3840, 7680, 7680]	src0='blk.15.ffn_up_exps.weight':type=q4_K;ne=[4096, 960, 16, 1];nb=[144, 2304, 2211840, 35389440]	src1='ffn_norm-15 (reshaped)':type=f32;ne=[4096, 1, 1, 1];nb=[4, 16384, 16384, 16384]	src2='ffn_moe_topk-15':type=i32;ne=[2, 1, 1, 1];nb=[4, 64, 64, 64]
[SYCL][OP] call ggml_sycl_mul_mat_id done
[SYCL][OP] call ggml_sycl_mul_mat_id: dst='ffn_moe_down-15':type=f32;ne=[4096, 2, 1, 1];nb=[4, 16384, 32768, 32768]	src0='blk.15.ffn_down_exps.weight':type=q8_0;ne=[960, 4096, 16, 1];nb=[34, 1020, 4177920, 66846720]	src1='ffn_moe_swiglu-15':type=f32;ne=[960, 2, 1, 1];nb=[4, 3840, 7680, 7680]	src2='ffn_moe_topk-15':type=i32;ne=[2, 1, 1, 1];nb=[4, 64, 64, 64]
[SYCL][OP] call ggml_sycl_mul_mat_id done
[SYCL][OP] call ggml_sycl_mul_mat: dst='Qcur-16':type=f32;ne=[4096, 1, 1, 1];nb=[4, 16384, 16384, 16384]	src0='blk.16.attn_q.weight':type=q4_K;ne=[4096, 4096, 1, 1];nb=[144, 2304, 9437184, 9437184]	src1='attn_norm-16':type=f32;ne=[4096, 1, 1, 1];nb=[4, 16384, 16384, 16384]
[SYCL][OP] call ggml_sycl_op_mul_mat/quantize_row_q8_1_sycl: dst='Qcur-16':type=f32;ne=[4096, 1, 1, 1];nb=[4, 16384, 16384, 16384]	src0='blk.16.attn_q.weight':type=q4_K;ne=[4096, 4096, 1, 1];nb=[144, 2304, 9437184, 9437184]	src1='attn_norm-16':type=f32;ne=[4096, 1, 1, 1];nb=[4, 16384, 16384, 16384] : converting src1 to Q8_1
[SYCL][OP] call ggml_sycl_mul_mat: dst='Vcur-16':type=f32;ne=[1024, 1, 1, 1];nb=[4, 4096, 4096, 4096]	src0='blk.16.attn_v.weight':type=q4_K;ne=[4096, 1024, 1, 1];nb=[144, 2304, 2359296, 2359296]	src1='attn_norm-16':type=f32;ne=[4096, 1, 1, 1];nb=[4, 16384, 16384, 16384]
[SYCL][OP] call ggml_sycl_op_mul_mat/quantize_row_q8_1_sycl: dst='Vcur-16':type=f32;ne=[1024, 1, 1, 1];nb=[4, 4096, 4096, 4096]	src0='blk.16.attn_v.weight':type=q4_K;ne=[4096, 1024, 1, 1];nb=[144, 2304, 2359296, 2359296]	src1='attn_norm-16':type=f32;ne=[4096, 1, 1, 1];nb=[4, 16384, 16384, 16384] : converting src1 to Q8_1
[SYCL][OP] call ggml_sycl_mul_mat: dst='Kcur-16':type=f32;ne=[1024, 1, 1, 1];nb=[4, 4096, 4096, 4096]	src0='blk.16.attn_k.weight':type=q4_K;ne=[4096, 1024, 1, 1];nb=[144, 2304, 2359296, 2359296]	src1='attn_norm-16':type=f32;ne=[4096, 1, 1, 1];nb=[4, 16384, 16384, 16384]
[SYCL][OP] call ggml_sycl_op_mul_mat/quantize_row_q8_1_sycl: dst='Kcur-16':type=f32;ne=[1024, 1, 1, 1];nb=[4, 4096, 4096, 4096]	src0='blk.16.attn_k.weight':type=q4_K;ne=[4096, 1024, 1, 1];nb=[144, 2304, 2359296, 2359296]	src1='attn_norm-16':type=f32;ne=[4096, 1, 1, 1];nb=[4, 16384, 16384, 16384] : converting src1 to Q8_1
[SYCL][OP] call ggml_sycl_mul_mat: dst='node_977':type=f32;ne=[4096, 1, 1, 1];nb=[4, 16384, 16384, 16384]	src0='blk.16.attn_output.weight':type=q4_K;ne=[4096, 4096, 1, 1];nb=[144, 2304, 9437184, 9437184]	src1='kqv_out-16':type=f32;ne=[4096, 1, 1, 1];nb=[4, 16384, 16384, 16384]
[SYCL][OP] call ggml_sycl_op_mul_mat/quantize_row_q8_1_sycl: dst='node_977':type=f32;ne=[4096, 1, 1, 1];nb=[4, 16384, 16384, 16384]	src0='blk.16.attn_output.weight':type=q4_K;ne=[4096, 4096, 1, 1];nb=[144, 2304, 9437184, 9437184]	src1='kqv_out-16':type=f32;ne=[4096, 1, 1, 1];nb=[4, 16384, 16384, 16384] : converting src1 to Q8_1
[SYCL][OP] call ggml_sycl_mul_mat_id: dst='ffn_moe_gate-16':type=f32;ne=[960, 2, 1, 1];nb=[4, 3840, 7680, 7680]	src0='blk.16.ffn_gate_exps.weight':type=q4_K;ne=[4096, 960, 16, 1];nb=[144, 2304, 2211840, 35389440]	src1='ffn_norm-16 (reshaped)':type=f32;ne=[4096, 1, 1, 1];nb=[4, 16384, 16384, 16384]	src2='ffn_moe_topk-16':type=i32;ne=[2, 1, 1, 1];nb=[4, 64, 64, 64]
[SYCL][OP] call ggml_sycl_mul_mat_id done
[SYCL][OP] call ggml_sycl_mul_mat_id: dst='ffn_moe_up-16':type=f32;ne=[960, 2, 1, 1];nb=[4, 3840, 7680, 7680]	src0='blk.16.ffn_up_exps.weight':type=q4_K;ne=[4096, 960, 16, 1];nb=[144, 2304, 2211840, 35389440]	src1='ffn_norm-16 (reshaped)':type=f32;ne=[4096, 1, 1, 1];nb=[4, 16384, 16384, 16384]	src2='ffn_moe_topk-16':type=i32;ne=[2, 1, 1, 1];nb=[4, 64, 64, 64]
[SYCL][OP] call ggml_sycl_mul_mat_id done
[SYCL][OP] call ggml_sycl_mul_mat_id: dst='ffn_moe_down-16':type=f32;ne=[4096, 2, 1, 1];nb=[4, 16384, 32768, 32768]	src0='blk.16.ffn_down_exps.weight':type=q5_0;ne=[960, 4096, 16, 1];nb=[22, 660, 2703360, 43253760]	src1='ffn_moe_swiglu-16':type=f32;ne=[960, 2, 1, 1];nb=[4, 3840, 7680, 7680]	src2='ffn_moe_topk-16':type=i32;ne=[2, 1, 1, 1];nb=[4, 64, 64, 64]
[SYCL][OP] call ggml_sycl_mul_mat_id done
[SYCL][OP] call ggml_sycl_mul_mat: dst='Qcur-17':type=f32;ne=[4096, 1, 1, 1];nb=[4, 16384, 16384, 16384]	src0='blk.17.attn_q.weight':type=q4_K;ne=[4096, 4096, 1, 1];nb=[144, 2304, 9437184, 9437184]	src1='attn_norm-17':type=f32;ne=[4096, 1, 1, 1];nb=[4, 16384, 16384, 16384]
[SYCL][OP] call ggml_sycl_op_mul_mat/quantize_row_q8_1_sycl: dst='Qcur-17':type=f32;ne=[4096, 1, 1, 1];nb=[4, 16384, 16384, 16384]	src0='blk.17.attn_q.weight':type=q4_K;ne=[4096, 4096, 1, 1];nb=[144, 2304, 9437184, 9437184]	src1='attn_norm-17':type=f32;ne=[4096, 1, 1, 1];nb=[4, 16384, 16384, 16384] : converting src1 to Q8_1
[SYCL][OP] call ggml_sycl_mul_mat: dst='Vcur-17':type=f32;ne=[1024, 1, 1, 1];nb=[4, 4096, 4096, 4096]	src0='blk.17.attn_v.weight':type=q4_K;ne=[4096, 1024, 1, 1];nb=[144, 2304, 2359296, 2359296]	src1='attn_norm-17':type=f32;ne=[4096, 1, 1, 1];nb=[4, 16384, 16384, 16384]
[SYCL][OP] call ggml_sycl_op_mul_mat/quantize_row_q8_1_sycl: dst='Vcur-17':type=f32;ne=[1024, 1, 1, 1];nb=[4, 4096, 4096, 4096]	src0='blk.17.attn_v.weight':type=q4_K;ne=[4096, 1024, 1, 1];nb=[144, 2304, 2359296, 2359296]	src1='attn_norm-17':type=f32;ne=[4096, 1, 1, 1];nb=[4, 16384, 16384, 16384] : converting src1 to Q8_1
[SYCL][OP] call ggml_sycl_mul_mat: dst='Kcur-17':type=f32;ne=[1024, 1, 1, 1];nb=[4, 4096, 4096, 4096]	src0='blk.17.attn_k.weight':type=q4_K;ne=[4096, 1024, 1, 1];nb=[144, 2304, 2359296, 2359296]	src1='attn_norm-17':type=f32;ne=[4096, 1, 1, 1];nb=[4, 16384, 16384, 16384]
[SYCL][OP] call ggml_sycl_op_mul_mat/quantize_row_q8_1_sycl: dst='Kcur-17':type=f32;ne=[1024, 1, 1, 1];nb=[4, 4096, 4096, 4096]	src0='blk.17.attn_k.weight':type=q4_K;ne=[4096, 1024, 1, 1];nb=[144, 2304, 2359296, 2359296]	src1='attn_norm-17':type=f32;ne=[4096, 1, 1, 1];nb=[4, 16384, 16384, 16384] : converting src1 to Q8_1
[SYCL][OP] call ggml_sycl_mul_mat: dst='node_1036':type=f32;ne=[4096, 1, 1, 1];nb=[4, 16384, 16384, 16384]	src0='blk.17.attn_output.weight':type=q4_K;ne=[4096, 4096, 1, 1];nb=[144, 2304, 9437184, 9437184]	src1='kqv_out-17':type=f32;ne=[4096, 1, 1, 1];nb=[4, 16384, 16384, 16384]
[SYCL][OP] call ggml_sycl_op_mul_mat/quantize_row_q8_1_sycl: dst='node_1036':type=f32;ne=[4096, 1, 1, 1];nb=[4, 16384, 16384, 16384]	src0='blk.17.attn_output.weight':type=q4_K;ne=[4096, 4096, 1, 1];nb=[144, 2304, 9437184, 9437184]	src1='kqv_out-17':type=f32;ne=[4096, 1, 1, 1];nb=[4, 16384, 16384, 16384] : converting src1 to Q8_1
[SYCL][OP] call ggml_sycl_mul_mat_id: dst='ffn_moe_gate-17':type=f32;ne=[960, 2, 1, 1];nb=[4, 3840, 7680, 7680]	src0='blk.17.ffn_gate_exps.weight':type=q4_K;ne=[4096, 960, 16, 1];nb=[144, 2304, 2211840, 35389440]	src1='ffn_norm-17 (reshaped)':type=f32;ne=[4096, 1, 1, 1];nb=[4, 16384, 16384, 16384]	src2='ffn_moe_topk-17':type=i32;ne=[2, 1, 1, 1];nb=[4, 64, 64, 64]
[SYCL][OP] call ggml_sycl_mul_mat_id done
[SYCL][OP] call ggml_sycl_mul_mat_id: dst='ffn_moe_up-17':type=f32;ne=[960, 2, 1, 1];nb=[4, 3840, 7680, 7680]	src0='blk.17.ffn_up_exps.weight':type=q4_K;ne=[4096, 960, 16, 1];nb=[144, 2304, 2211840, 35389440]	src1='ffn_norm-17 (reshaped)':type=f32;ne=[4096, 1, 1, 1];nb=[4, 16384, 16384, 16384]	src2='ffn_moe_topk-17':type=i32;ne=[2, 1, 1, 1];nb=[4, 64, 64, 64]
[SYCL][OP] call ggml_sycl_mul_mat_id done
[SYCL][OP] call ggml_sycl_mul_mat_id: dst='ffn_moe_down-17':type=f32;ne=[4096, 2, 1, 1];nb=[4, 16384, 32768, 32768]	src0='blk.17.ffn_down_exps.weight':type=q5_0;ne=[960, 4096, 16, 1];nb=[22, 660, 2703360, 43253760]	src1='ffn_moe_swiglu-17':type=f32;ne=[960, 2, 1, 1];nb=[4, 3840, 7680, 7680]	src2='ffn_moe_topk-17':type=i32;ne=[2, 1, 1, 1];nb=[4, 64, 64, 64]
[SYCL][OP] call ggml_sycl_mul_mat_id done
[SYCL][OP] call ggml_sycl_mul_mat: dst='Qcur-18':type=f32;ne=[4096, 1, 1, 1];nb=[4, 16384, 16384, 16384]	src0='blk.18.attn_q.weight':type=q4_K;ne=[4096, 4096, 1, 1];nb=[144, 2304, 9437184, 9437184]	src1='attn_norm-18':type=f32;ne=[4096, 1, 1, 1];nb=[4, 16384, 16384, 16384]
[SYCL][OP] call ggml_sycl_op_mul_mat/quantize_row_q8_1_sycl: dst='Qcur-18':type=f32;ne=[4096, 1, 1, 1];nb=[4, 16384, 16384, 16384]	src0='blk.18.attn_q.weight':type=q4_K;ne=[4096, 4096, 1, 1];nb=[144, 2304, 9437184, 9437184]	src1='attn_norm-18':type=f32;ne=[4096, 1, 1, 1];nb=[4, 16384, 16384, 16384] : converting src1 to Q8_1
[SYCL][OP] call ggml_sycl_mul_mat: dst='Kcur-18':type=f32;ne=[1024, 1, 1, 1];nb=[4, 4096, 4096, 4096]	src0='blk.18.attn_k.weight':type=q4_K;ne=[4096, 1024, 1, 1];nb=[144, 2304, 2359296, 2359296]	src1='attn_norm-18':type=f32;ne=[4096, 1, 1, 1];nb=[4, 16384, 16384, 16384]
[SYCL][OP] call ggml_sycl_op_mul_mat/quantize_row_q8_1_sycl: dst='Kcur-18':type=f32;ne=[1024, 1, 1, 1];nb=[4, 4096, 4096, 4096]	src0='blk.18.attn_k.weight':type=q4_K;ne=[4096, 1024, 1, 1];nb=[144, 2304, 2359296, 2359296]	src1='attn_norm-18':type=f32;ne=[4096, 1, 1, 1];nb=[4, 16384, 16384, 16384] : converting src1 to Q8_1
[SYCL][OP] call ggml_sycl_mul_mat: dst='node_1095':type=f32;ne=[4096, 1, 1, 1];nb=[4, 16384, 16384, 16384]	src0='blk.18.attn_output.weight':type=q4_K;ne=[4096, 4096, 1, 1];nb=[144, 2304, 9437184, 9437184]	src1='kqv_out-18':type=f32;ne=[4096, 1, 1, 1];nb=[4, 16384, 16384, 16384]
[SYCL][OP] call ggml_sycl_op_mul_mat/quantize_row_q8_1_sycl: dst='node_1095':type=f32;ne=[4096, 1, 1, 1];nb=[4, 16384, 16384, 16384]	src0='blk.18.attn_output.weight':type=q4_K;ne=[4096, 4096, 1, 1];nb=[144, 2304, 9437184, 9437184]	src1='kqv_out-18':type=f32;ne=[4096, 1, 1, 1];nb=[4, 16384, 16384, 16384] : converting src1 to Q8_1
[SYCL][OP] call ggml_sycl_mul_mat_id: dst='ffn_moe_gate-18':type=f32;ne=[960, 2, 1, 1];nb=[4, 3840, 7680, 7680]	src0='blk.18.ffn_gate_exps.weight':type=q4_K;ne=[4096, 960, 16, 1];nb=[144, 2304, 2211840, 35389440]	src1='ffn_norm-18 (reshaped)':type=f32;ne=[4096, 1, 1, 1];nb=[4, 16384, 16384, 16384]	src2='ffn_moe_topk-18':type=i32;ne=[2, 1, 1, 1];nb=[4, 64, 64, 64]
[SYCL][OP] call ggml_sycl_mul_mat_id done
[SYCL][OP] call ggml_sycl_mul_mat_id: dst='ffn_moe_up-18':type=f32;ne=[960, 2, 1, 1];nb=[4, 3840, 7680, 7680]	src0='blk.18.ffn_up_exps.weight':type=q4_K;ne=[4096, 960, 16, 1];nb=[144, 2304, 2211840, 35389440]	src1='ffn_norm-18 (reshaped)':type=f32;ne=[4096, 1, 1, 1];nb=[4, 16384, 16384, 16384]	src2='ffn_moe_topk-18':type=i32;ne=[2, 1, 1, 1];nb=[4, 64, 64, 64]
[SYCL][OP] call ggml_sycl_mul_mat_id done
[SYCL][OP] call ggml_sycl_mul_mat_id: dst='ffn_moe_down-18':type=f32;ne=[4096, 2, 1, 1];nb=[4, 16384, 32768, 32768]	src0='blk.18.ffn_down_exps.weight':type=q8_0;ne=[960, 4096, 16, 1];nb=[34, 1020, 4177920, 66846720]	src1='ffn_moe_swiglu-18':type=f32;ne=[960, 2, 1, 1];nb=[4, 3840, 7680, 7680]	src2='ffn_moe_topk-18':type=i32;ne=[2, 1, 1, 1];nb=[4, 64, 64, 64]
[SYCL][OP] call ggml_sycl_mul_mat_id done
[SYCL][OP] call ggml_sycl_mul_mat: dst='Qcur-19':type=f32;ne=[4096, 1, 1, 1];nb=[4, 16384, 16384, 16384]	src0='blk.19.attn_q.weight':type=q4_K;ne=[4096, 4096, 1, 1];nb=[144, 2304, 9437184, 9437184]	src1='attn_norm-19':type=f32;ne=[4096, 1, 1, 1];nb=[4, 16384, 16384, 16384]
[SYCL][OP] call ggml_sycl_op_mul_mat/quantize_row_q8_1_sycl: dst='Qcur-19':type=f32;ne=[4096, 1, 1, 1];nb=[4, 16384, 16384, 16384]	src0='blk.19.attn_q.weight':type=q4_K;ne=[4096, 4096, 1, 1];nb=[144, 2304, 9437184, 9437184]	src1='attn_norm-19':type=f32;ne=[4096, 1, 1, 1];nb=[4, 16384, 16384, 16384] : converting src1 to Q8_1
[SYCL][OP] call ggml_sycl_mul_mat: dst='Vcur-19':type=f32;ne=[1024, 1, 1, 1];nb=[4, 4096, 4096, 4096]	src0='blk.19.attn_v.weight':type=q4_K;ne=[4096, 1024, 1, 1];nb=[144, 2304, 2359296, 2359296]	src1='attn_norm-19':type=f32;ne=[4096, 1, 1, 1];nb=[4, 16384, 16384, 16384]
[SYCL][OP] call ggml_sycl_op_mul_mat/quantize_row_q8_1_sycl: dst='Vcur-19':type=f32;ne=[1024, 1, 1, 1];nb=[4, 4096, 4096, 4096]	src0='blk.19.attn_v.weight':type=q4_K;ne=[4096, 1024, 1, 1];nb=[144, 2304, 2359296, 2359296]	src1='attn_norm-19':type=f32;ne=[4096, 1, 1, 1];nb=[4, 16384, 16384, 16384] : converting src1 to Q8_1
[SYCL][OP] call ggml_sycl_mul_mat: dst='Kcur-19':type=f32;ne=[1024, 1, 1, 1];nb=[4, 4096, 4096, 4096]	src0='blk.19.attn_k.weight':type=q4_K;ne=[4096, 1024, 1, 1];nb=[144, 2304, 2359296, 2359296]	src1='attn_norm-19':type=f32;ne=[4096, 1, 1, 1];nb=[4, 16384, 16384, 16384]
[SYCL][OP] call ggml_sycl_op_mul_mat/quantize_row_q8_1_sycl: dst='Kcur-19':type=f32;ne=[1024, 1, 1, 1];nb=[4, 4096, 4096, 4096]	src0='blk.19.attn_k.weight':type=q4_K;ne=[4096, 1024, 1, 1];nb=[144, 2304, 2359296, 2359296]	src1='attn_norm-19':type=f32;ne=[4096, 1, 1, 1];nb=[4, 16384, 16384, 16384] : converting src1 to Q8_1
[SYCL][OP] call ggml_sycl_mul_mat: dst='node_1154':type=f32;ne=[4096, 1, 1, 1];nb=[4, 16384, 16384, 16384]	src0='blk.19.attn_output.weight':type=q4_K;ne=[4096, 4096, 1, 1];nb=[144, 2304, 9437184, 9437184]	src1='kqv_out-19':type=f32;ne=[4096, 1, 1, 1];nb=[4, 16384, 16384, 16384]
[SYCL][OP] call ggml_sycl_op_mul_mat/quantize_row_q8_1_sycl: dst='node_1154':type=f32;ne=[4096, 1, 1, 1];nb=[4, 16384, 16384, 16384]	src0='blk.19.attn_output.weight':type=q4_K;ne=[4096, 4096, 1, 1];nb=[144, 2304, 9437184, 9437184]	src1='kqv_out-19':type=f32;ne=[4096, 1, 1, 1];nb=[4, 16384, 16384, 16384] : converting src1 to Q8_1
[SYCL][OP] call ggml_sycl_mul_mat_id: dst='ffn_moe_gate-19':type=f32;ne=[960, 2, 1, 1];nb=[4, 3840, 7680, 7680]	src0='blk.19.ffn_gate_exps.weight':type=q4_K;ne=[4096, 960, 16, 1];nb=[144, 2304, 2211840, 35389440]	src1='ffn_norm-19 (reshaped)':type=f32;ne=[4096, 1, 1, 1];nb=[4, 16384, 16384, 16384]	src2='ffn_moe_topk-19':type=i32;ne=[2, 1, 1, 1];nb=[4, 64, 64, 64]
[SYCL][OP] call ggml_sycl_mul_mat_id done
[SYCL][OP] call ggml_sycl_mul_mat_id: dst='ffn_moe_up-19':type=f32;ne=[960, 2, 1, 1];nb=[4, 3840, 7680, 7680]	src0='blk.19.ffn_up_exps.weight':type=q4_K;ne=[4096, 960, 16, 1];nb=[144, 2304, 2211840, 35389440]	src1='ffn_norm-19 (reshaped)':type=f32;ne=[4096, 1, 1, 1];nb=[4, 16384, 16384, 16384]	src2='ffn_moe_topk-19':type=i32;ne=[2, 1, 1, 1];nb=[4, 64, 64, 64]
[SYCL][OP] call ggml_sycl_mul_mat_id done
[SYCL][OP] call ggml_sycl_mul_mat_id: dst='ffn_moe_down-19':type=f32;ne=[4096, 2, 1, 1];nb=[4, 16384, 32768, 32768]	src0='blk.19.ffn_down_exps.weight':type=q5_0;ne=[960, 4096, 16, 1];nb=[22, 660, 2703360, 43253760]	src1='ffn_moe_swiglu-19':type=f32;ne=[960, 2, 1, 1];nb=[4, 3840, 7680, 7680]	src2='ffn_moe_topk-19':type=i32;ne=[2, 1, 1, 1];nb=[4, 64, 64, 64]
[SYCL][OP] call ggml_sycl_mul_mat_id done
[SYCL][OP] call ggml_sycl_mul_mat: dst='Qcur-20':type=f32;ne=[4096, 1, 1, 1];nb=[4, 16384, 16384, 16384]	src0='blk.20.attn_q.weight':type=q4_K;ne=[4096, 4096, 1, 1];nb=[144, 2304, 9437184, 9437184]	src1='attn_norm-20':type=f32;ne=[4096, 1, 1, 1];nb=[4, 16384, 16384, 16384]
[SYCL][OP] call ggml_sycl_op_mul_mat/quantize_row_q8_1_sycl: dst='Qcur-20':type=f32;ne=[4096, 1, 1, 1];nb=[4, 16384, 16384, 16384]	src0='blk.20.attn_q.weight':type=q4_K;ne=[4096, 4096, 1, 1];nb=[144, 2304, 9437184, 9437184]	src1='attn_norm-20':type=f32;ne=[4096, 1, 1, 1];nb=[4, 16384, 16384, 16384] : converting src1 to Q8_1
[SYCL][OP] call ggml_sycl_mul_mat: dst='Vcur-20':type=f32;ne=[1024, 1, 1, 1];nb=[4, 4096, 4096, 4096]	src0='blk.20.attn_v.weight':type=q4_K;ne=[4096, 1024, 1, 1];nb=[144, 2304, 2359296, 2359296]	src1='attn_norm-20':type=f32;ne=[4096, 1, 1, 1];nb=[4, 16384, 16384, 16384]
[SYCL][OP] call ggml_sycl_op_mul_mat/quantize_row_q8_1_sycl: dst='Vcur-20':type=f32;ne=[1024, 1, 1, 1];nb=[4, 4096, 4096, 4096]	src0='blk.20.attn_v.weight':type=q4_K;ne=[4096, 1024, 1, 1];nb=[144, 2304, 2359296, 2359296]	src1='attn_norm-20':type=f32;ne=[4096, 1, 1, 1];nb=[4, 16384, 16384, 16384] : converting src1 to Q8_1
[SYCL][OP] call ggml_sycl_mul_mat: dst='Kcur-20':type=f32;ne=[1024, 1, 1, 1];nb=[4, 4096, 4096, 4096]	src0='blk.20.attn_k.weight':type=q4_K;ne=[4096, 1024, 1, 1];nb=[144, 2304, 2359296, 2359296]	src1='attn_norm-20':type=f32;ne=[4096, 1, 1, 1];nb=[4, 16384, 16384, 16384]
[SYCL][OP] call ggml_sycl_op_mul_mat/quantize_row_q8_1_sycl: dst='Kcur-20':type=f32;ne=[1024, 1, 1, 1];nb=[4, 4096, 4096, 4096]	src0='blk.20.attn_k.weight':type=q4_K;ne=[4096, 1024, 1, 1];nb=[144, 2304, 2359296, 2359296]	src1='attn_norm-20':type=f32;ne=[4096, 1, 1, 1];nb=[4, 16384, 16384, 16384] : converting src1 to Q8_1
[SYCL][OP] call ggml_sycl_mul_mat: dst='node_1213':type=f32;ne=[4096, 1, 1, 1];nb=[4, 16384, 16384, 16384]	src0='blk.20.attn_output.weight':type=q4_K;ne=[4096, 4096, 1, 1];nb=[144, 2304, 9437184, 9437184]	src1='kqv_out-20':type=f32;ne=[4096, 1, 1, 1];nb=[4, 16384, 16384, 16384]
[SYCL][OP] call ggml_sycl_op_mul_mat/quantize_row_q8_1_sycl: dst='node_1213':type=f32;ne=[4096, 1, 1, 1];nb=[4, 16384, 16384, 16384]	src0='blk.20.attn_output.weight':type=q4_K;ne=[4096, 4096, 1, 1];nb=[144, 2304, 9437184, 9437184]	src1='kqv_out-20':type=f32;ne=[4096, 1, 1, 1];nb=[4, 16384, 16384, 16384] : converting src1 to Q8_1
[SYCL][OP] call ggml_sycl_mul_mat_id: dst='ffn_moe_gate-20':type=f32;ne=[960, 2, 1, 1];nb=[4, 3840, 7680, 7680]	src0='blk.20.ffn_gate_exps.weight':type=q4_K;ne=[4096, 960, 16, 1];nb=[144, 2304, 2211840, 35389440]	src1='ffn_norm-20 (reshaped)':type=f32;ne=[4096, 1, 1, 1];nb=[4, 16384, 16384, 16384]	src2='ffn_moe_topk-20':type=i32;ne=[2, 1, 1, 1];nb=[4, 64, 64, 64]
[SYCL][OP] call ggml_sycl_mul_mat_id done
[SYCL][OP] call ggml_sycl_mul_mat_id: dst='ffn_moe_up-20':type=f32;ne=[960, 2, 1, 1];nb=[4, 3840, 7680, 7680]	src0='blk.20.ffn_up_exps.weight':type=q4_K;ne=[4096, 960, 16, 1];nb=[144, 2304, 2211840, 35389440]	src1='ffn_norm-20 (reshaped)':type=f32;ne=[4096, 1, 1, 1];nb=[4, 16384, 16384, 16384]	src2='ffn_moe_topk-20':type=i32;ne=[2, 1, 1, 1];nb=[4, 64, 64, 64]
[SYCL][OP] call ggml_sycl_mul_mat_id done
[SYCL][OP] call ggml_sycl_mul_mat_id: dst='ffn_moe_down-20':type=f32;ne=[4096, 2, 1, 1];nb=[4, 16384, 32768, 32768]	src0='blk.20.ffn_down_exps.weight':type=q5_0;ne=[960, 4096, 16, 1];nb=[22, 660, 2703360, 43253760]	src1='ffn_moe_swiglu-20':type=f32;ne=[960, 2, 1, 1];nb=[4, 3840, 7680, 7680]	src2='ffn_moe_topk-20':type=i32;ne=[2, 1, 1, 1];nb=[4, 64, 64, 64]
[SYCL][OP] call ggml_sycl_mul_mat_id done
[SYCL][OP] call ggml_sycl_mul_mat: dst='Qcur-21':type=f32;ne=[4096, 1, 1, 1];nb=[4, 16384, 16384, 16384]	src0='blk.21.attn_q.weight':type=q4_K;ne=[4096, 4096, 1, 1];nb=[144, 2304, 9437184, 9437184]	src1='attn_norm-21':type=f32;ne=[4096, 1, 1, 1];nb=[4, 16384, 16384, 16384]
[SYCL][OP] call ggml_sycl_op_mul_mat/quantize_row_q8_1_sycl: dst='Qcur-21':type=f32;ne=[4096, 1, 1, 1];nb=[4, 16384, 16384, 16384]	src0='blk.21.attn_q.weight':type=q4_K;ne=[4096, 4096, 1, 1];nb=[144, 2304, 9437184, 9437184]	src1='attn_norm-21':type=f32;ne=[4096, 1, 1, 1];nb=[4, 16384, 16384, 16384] : converting src1 to Q8_1
[SYCL][OP] call ggml_sycl_mul_mat: dst='Kcur-21':type=f32;ne=[1024, 1, 1, 1];nb=[4, 4096, 4096, 4096]	src0='blk.21.attn_k.weight':type=q4_K;ne=[4096, 1024, 1, 1];nb=[144, 2304, 2359296, 2359296]	src1='attn_norm-21':type=f32;ne=[4096, 1, 1, 1];nb=[4, 16384, 16384, 16384]
[SYCL][OP] call ggml_sycl_op_mul_mat/quantize_row_q8_1_sycl: dst='Kcur-21':type=f32;ne=[1024, 1, 1, 1];nb=[4, 4096, 4096, 4096]	src0='blk.21.attn_k.weight':type=q4_K;ne=[4096, 1024, 1, 1];nb=[144, 2304, 2359296, 2359296]	src1='attn_norm-21':type=f32;ne=[4096, 1, 1, 1];nb=[4, 16384, 16384, 16384] : converting src1 to Q8_1
[SYCL][OP] call ggml_sycl_mul_mat: dst='node_1272':type=f32;ne=[4096, 1, 1, 1];nb=[4, 16384, 16384, 16384]	src0='blk.21.attn_output.weight':type=q4_K;ne=[4096, 4096, 1, 1];nb=[144, 2304, 9437184, 9437184]	src1='kqv_out-21':type=f32;ne=[4096, 1, 1, 1];nb=[4, 16384, 16384, 16384]
[SYCL][OP] call ggml_sycl_op_mul_mat/quantize_row_q8_1_sycl: dst='node_1272':type=f32;ne=[4096, 1, 1, 1];nb=[4, 16384, 16384, 16384]	src0='blk.21.attn_output.weight':type=q4_K;ne=[4096, 4096, 1, 1];nb=[144, 2304, 9437184, 9437184]	src1='kqv_out-21':type=f32;ne=[4096, 1, 1, 1];nb=[4, 16384, 16384, 16384] : converting src1 to Q8_1
[SYCL][OP] call ggml_sycl_mul_mat_id: dst='ffn_moe_gate-21':type=f32;ne=[960, 2, 1, 1];nb=[4, 3840, 7680, 7680]	src0='blk.21.ffn_gate_exps.weight':type=q4_K;ne=[4096, 960, 16, 1];nb=[144, 2304, 2211840, 35389440]	src1='ffn_norm-21 (reshaped)':type=f32;ne=[4096, 1, 1, 1];nb=[4, 16384, 16384, 16384]	src2='ffn_moe_topk-21':type=i32;ne=[2, 1, 1, 1];nb=[4, 64, 64, 64]
[SYCL][OP] call ggml_sycl_mul_mat_id done
[SYCL][OP] call ggml_sycl_mul_mat_id: dst='ffn_moe_up-21':type=f32;ne=[960, 2, 1, 1];nb=[4, 3840, 7680, 7680]	src0='blk.21.ffn_up_exps.weight':type=q4_K;ne=[4096, 960, 16, 1];nb=[144, 2304, 2211840, 35389440]	src1='ffn_norm-21 (reshaped)':type=f32;ne=[4096, 1, 1, 1];nb=[4, 16384, 16384, 16384]	src2='ffn_moe_topk-21':type=i32;ne=[2, 1, 1, 1];nb=[4, 64, 64, 64]
[SYCL][OP] call ggml_sycl_mul_mat_id done
[SYCL][OP] call ggml_sycl_mul_mat_id: dst='ffn_moe_down-21':type=f32;ne=[4096, 2, 1, 1];nb=[4, 16384, 32768, 32768]	src0='blk.21.ffn_down_exps.weight':type=q8_0;ne=[960, 4096, 16, 1];nb=[34, 1020, 4177920, 66846720]	src1='ffn_moe_swiglu-21':type=f32;ne=[960, 2, 1, 1];nb=[4, 3840, 7680, 7680]	src2='ffn_moe_topk-21':type=i32;ne=[2, 1, 1, 1];nb=[4, 64, 64, 64]
[SYCL][OP] call ggml_sycl_mul_mat_id done
[SYCL][OP] call ggml_sycl_mul_mat: dst='Qcur-22':type=f32;ne=[4096, 1, 1, 1];nb=[4, 16384, 16384, 16384]	src0='blk.22.attn_q.weight':type=q4_K;ne=[4096, 4096, 1, 1];nb=[144, 2304, 9437184, 9437184]	src1='attn_norm-22':type=f32;ne=[4096, 1, 1, 1];nb=[4, 16384, 16384, 16384]
[SYCL][OP] call ggml_sycl_op_mul_mat/quantize_row_q8_1_sycl: dst='Qcur-22':type=f32;ne=[4096, 1, 1, 1];nb=[4, 16384, 16384, 16384]	src0='blk.22.attn_q.weight':type=q4_K;ne=[4096, 4096, 1, 1];nb=[144, 2304, 9437184, 9437184]	src1='attn_norm-22':type=f32;ne=[4096, 1, 1, 1];nb=[4, 16384, 16384, 16384] : converting src1 to Q8_1
[SYCL][OP] call ggml_sycl_mul_mat: dst='Vcur-22':type=f32;ne=[1024, 1, 1, 1];nb=[4, 4096, 4096, 4096]	src0='blk.22.attn_v.weight':type=q4_K;ne=[4096, 1024, 1, 1];nb=[144, 2304, 2359296, 2359296]	src1='attn_norm-22':type=f32;ne=[4096, 1, 1, 1];nb=[4, 16384, 16384, 16384]
[SYCL][OP] call ggml_sycl_op_mul_mat/quantize_row_q8_1_sycl: dst='Vcur-22':type=f32;ne=[1024, 1, 1, 1];nb=[4, 4096, 4096, 4096]	src0='blk.22.attn_v.weight':type=q4_K;ne=[4096, 1024, 1, 1];nb=[144, 2304, 2359296, 2359296]	src1='attn_norm-22':type=f32;ne=[4096, 1, 1, 1];nb=[4, 16384, 16384, 16384] : converting src1 to Q8_1
[SYCL][OP] call ggml_sycl_mul_mat: dst='Kcur-22':type=f32;ne=[1024, 1, 1, 1];nb=[4, 4096, 4096, 4096]	src0='blk.22.attn_k.weight':type=q4_K;ne=[4096, 1024, 1, 1];nb=[144, 2304, 2359296, 2359296]	src1='attn_norm-22':type=f32;ne=[4096, 1, 1, 1];nb=[4, 16384, 16384, 16384]
[SYCL][OP] call ggml_sycl_op_mul_mat/quantize_row_q8_1_sycl: dst='Kcur-22':type=f32;ne=[1024, 1, 1, 1];nb=[4, 4096, 4096, 4096]	src0='blk.22.attn_k.weight':type=q4_K;ne=[4096, 1024, 1, 1];nb=[144, 2304, 2359296, 2359296]	src1='attn_norm-22':type=f32;ne=[4096, 1, 1, 1];nb=[4, 16384, 16384, 16384] : converting src1 to Q8_1
[SYCL][OP] call ggml_sycl_mul_mat: dst='node_1331':type=f32;ne=[4096, 1, 1, 1];nb=[4, 16384, 16384, 16384]	src0='blk.22.attn_output.weight':type=q4_K;ne=[4096, 4096, 1, 1];nb=[144, 2304, 9437184, 9437184]	src1='kqv_out-22':type=f32;ne=[4096, 1, 1, 1];nb=[4, 16384, 16384, 16384]
[SYCL][OP] call ggml_sycl_op_mul_mat/quantize_row_q8_1_sycl: dst='node_1331':type=f32;ne=[4096, 1, 1, 1];nb=[4, 16384, 16384, 16384]	src0='blk.22.attn_output.weight':type=q4_K;ne=[4096, 4096, 1, 1];nb=[144, 2304, 9437184, 9437184]	src1='kqv_out-22':type=f32;ne=[4096, 1, 1, 1];nb=[4, 16384, 16384, 16384] : converting src1 to Q8_1
[SYCL][OP] call ggml_sycl_mul_mat_id: dst='ffn_moe_gate-22':type=f32;ne=[960, 2, 1, 1];nb=[4, 3840, 7680, 7680]	src0='blk.22.ffn_gate_exps.weight':type=q4_K;ne=[4096, 960, 16, 1];nb=[144, 2304, 2211840, 35389440]	src1='ffn_norm-22 (reshaped)':type=f32;ne=[4096, 1, 1, 1];nb=[4, 16384, 16384, 16384]	src2='ffn_moe_topk-22':type=i32;ne=[2, 1, 1, 1];nb=[4, 64, 64, 64]
[SYCL][OP] call ggml_sycl_mul_mat_id done
[SYCL][OP] call ggml_sycl_mul_mat_id: dst='ffn_moe_up-22':type=f32;ne=[960, 2, 1, 1];nb=[4, 3840, 7680, 7680]	src0='blk.22.ffn_up_exps.weight':type=q4_K;ne=[4096, 960, 16, 1];nb=[144, 2304, 2211840, 35389440]	src1='ffn_norm-22 (reshaped)':type=f32;ne=[4096, 1, 1, 1];nb=[4, 16384, 16384, 16384]	src2='ffn_moe_topk-22':type=i32;ne=[2, 1, 1, 1];nb=[4, 64, 64, 64]
[SYCL][OP] call ggml_sycl_mul_mat_id done
[SYCL][OP] call ggml_sycl_mul_mat_id: dst='ffn_moe_down-22':type=f32;ne=[4096, 2, 1, 1];nb=[4, 16384, 32768, 32768]	src0='blk.22.ffn_down_exps.weight':type=q5_0;ne=[960, 4096, 16, 1];nb=[22, 660, 2703360, 43253760]	src1='ffn_moe_swiglu-22':type=f32;ne=[960, 2, 1, 1];nb=[4, 3840, 7680, 7680]	src2='ffn_moe_topk-22':type=i32;ne=[2, 1, 1, 1];nb=[4, 64, 64, 64]
[SYCL][OP] call ggml_sycl_mul_mat_id done
[SYCL][OP] call ggml_sycl_mul_mat: dst='Qcur-23':type=f32;ne=[4096, 1, 1, 1];nb=[4, 16384, 16384, 16384]	src0='blk.23.attn_q.weight':type=q4_K;ne=[4096, 4096, 1, 1];nb=[144, 2304, 9437184, 9437184]	src1='attn_norm-23':type=f32;ne=[4096, 1, 1, 1];nb=[4, 16384, 16384, 16384]
[SYCL][OP] call ggml_sycl_op_mul_mat/quantize_row_q8_1_sycl: dst='Qcur-23':type=f32;ne=[4096, 1, 1, 1];nb=[4, 16384, 16384, 16384]	src0='blk.23.attn_q.weight':type=q4_K;ne=[4096, 4096, 1, 1];nb=[144, 2304, 9437184, 9437184]	src1='attn_norm-23':type=f32;ne=[4096, 1, 1, 1];nb=[4, 16384, 16384, 16384] : converting src1 to Q8_1
[SYCL][OP] call ggml_sycl_mul_mat: dst='Vcur-23':type=f32;ne=[1024, 1, 1, 1];nb=[4, 4096, 4096, 4096]	src0='blk.23.attn_v.weight':type=q4_K;ne=[4096, 1024, 1, 1];nb=[144, 2304, 2359296, 2359296]	src1='attn_norm-23':type=f32;ne=[4096, 1, 1, 1];nb=[4, 16384, 16384, 16384]
[SYCL][OP] call ggml_sycl_op_mul_mat/quantize_row_q8_1_sycl: dst='Vcur-23':type=f32;ne=[1024, 1, 1, 1];nb=[4, 4096, 4096, 4096]	src0='blk.23.attn_v.weight':type=q4_K;ne=[4096, 1024, 1, 1];nb=[144, 2304, 2359296, 2359296]	src1='attn_norm-23':type=f32;ne=[4096, 1, 1, 1];nb=[4, 16384, 16384, 16384] : converting src1 to Q8_1
[SYCL][OP] call ggml_sycl_mul_mat: dst='Kcur-23':type=f32;ne=[1024, 1, 1, 1];nb=[4, 4096, 4096, 4096]	src0='blk.23.attn_k.weight':type=q4_K;ne=[4096, 1024, 1, 1];nb=[144, 2304, 2359296, 2359296]	src1='attn_norm-23':type=f32;ne=[4096, 1, 1, 1];nb=[4, 16384, 16384, 16384]
[SYCL][OP] call ggml_sycl_op_mul_mat/quantize_row_q8_1_sycl: dst='Kcur-23':type=f32;ne=[1024, 1, 1, 1];nb=[4, 4096, 4096, 4096]	src0='blk.23.attn_k.weight':type=q4_K;ne=[4096, 1024, 1, 1];nb=[144, 2304, 2359296, 2359296]	src1='attn_norm-23':type=f32;ne=[4096, 1, 1, 1];nb=[4, 16384, 16384, 16384] : converting src1 to Q8_1
[SYCL][OP] call ggml_sycl_mul_mat: dst='node_1390':type=f32;ne=[4096, 1, 1, 1];nb=[4, 16384, 16384, 16384]	src0='blk.23.attn_output.weight':type=q4_K;ne=[4096, 4096, 1, 1];nb=[144, 2304, 9437184, 9437184]	src1='kqv_out-23':type=f32;ne=[4096, 1, 1, 1];nb=[4, 16384, 16384, 16384]
[SYCL][OP] call ggml_sycl_op_mul_mat/quantize_row_q8_1_sycl: dst='node_1390':type=f32;ne=[4096, 1, 1, 1];nb=[4, 16384, 16384, 16384]	src0='blk.23.attn_output.weight':type=q4_K;ne=[4096, 4096, 1, 1];nb=[144, 2304, 9437184, 9437184]	src1='kqv_out-23':type=f32;ne=[4096, 1, 1, 1];nb=[4, 16384, 16384, 16384] : converting src1 to Q8_1
[SYCL][OP] call ggml_sycl_mul_mat_id: dst='ffn_moe_gate-23':type=f32;ne=[960, 2, 1, 1];nb=[4, 3840, 7680, 7680]	src0='blk.23.ffn_gate_exps.weight':type=q4_K;ne=[4096, 960, 16, 1];nb=[144, 2304, 2211840, 35389440]	src1='ffn_norm-23 (reshaped)':type=f32;ne=[4096, 1, 1, 1];nb=[4, 16384, 16384, 16384]	src2='ffn_moe_topk-23':type=i32;ne=[2, 1, 1, 1];nb=[4, 64, 64, 64]
[SYCL][OP] call ggml_sycl_mul_mat_id done
[SYCL][OP] call ggml_sycl_mul_mat_id: dst='ffn_moe_up-23':type=f32;ne=[960, 2, 1, 1];nb=[4, 3840, 7680, 7680]	src0='blk.23.ffn_up_exps.weight':type=q4_K;ne=[4096, 960, 16, 1];nb=[144, 2304, 2211840, 35389440]	src1='ffn_norm-23 (reshaped)':type=f32;ne=[4096, 1, 1, 1];nb=[4, 16384, 16384, 16384]	src2='ffn_moe_topk-23':type=i32;ne=[2, 1, 1, 1];nb=[4, 64, 64, 64]
[SYCL][OP] call ggml_sycl_mul_mat_id done
[SYCL][OP] call ggml_sycl_mul_mat_id: dst='ffn_moe_down-23':type=f32;ne=[4096, 2, 1, 1];nb=[4, 16384, 32768, 32768]	src0='blk.23.ffn_down_exps.weight':type=q5_0;ne=[960, 4096, 16, 1];nb=[22, 660, 2703360, 43253760]	src1='ffn_moe_swiglu-23':type=f32;ne=[960, 2, 1, 1];nb=[4, 3840, 7680, 7680]	src2='ffn_moe_topk-23':type=i32;ne=[2, 1, 1, 1];nb=[4, 64, 64, 64]
[SYCL][OP] call ggml_sycl_mul_mat_id done
[SYCL][OP] call ggml_sycl_mul_mat: dst='Qcur-24':type=f32;ne=[4096, 1, 1, 1];nb=[4, 16384, 16384, 16384]	src0='blk.24.attn_q.weight':type=q4_K;ne=[4096, 4096, 1, 1];nb=[144, 2304, 9437184, 9437184]	src1='attn_norm-24':type=f32;ne=[4096, 1, 1, 1];nb=[4, 16384, 16384, 16384]
[SYCL][OP] call ggml_sycl_op_mul_mat/quantize_row_q8_1_sycl: dst='Qcur-24':type=f32;ne=[4096, 1, 1, 1];nb=[4, 16384, 16384, 16384]	src0='blk.24.attn_q.weight':type=q4_K;ne=[4096, 4096, 1, 1];nb=[144, 2304, 9437184, 9437184]	src1='attn_norm-24':type=f32;ne=[4096, 1, 1, 1];nb=[4, 16384, 16384, 16384] : converting src1 to Q8_1
[SYCL][OP] call ggml_sycl_mul_mat: dst='Kcur-24':type=f32;ne=[1024, 1, 1, 1];nb=[4, 4096, 4096, 4096]	src0='blk.24.attn_k.weight':type=q4_K;ne=[4096, 1024, 1, 1];nb=[144, 2304, 2359296, 2359296]	src1='attn_norm-24':type=f32;ne=[4096, 1, 1, 1];nb=[4, 16384, 16384, 16384]
[SYCL][OP] call ggml_sycl_op_mul_mat/quantize_row_q8_1_sycl: dst='Kcur-24':type=f32;ne=[1024, 1, 1, 1];nb=[4, 4096, 4096, 4096]	src0='blk.24.attn_k.weight':type=q4_K;ne=[4096, 1024, 1, 1];nb=[144, 2304, 2359296, 2359296]	src1='attn_norm-24':type=f32;ne=[4096, 1, 1, 1];nb=[4, 16384, 16384, 16384] : converting src1 to Q8_1
[SYCL][OP] call ggml_sycl_mul_mat: dst='node_1449':type=f32;ne=[4096, 1, 1, 1];nb=[4, 16384, 16384, 16384]	src0='blk.24.attn_output.weight':type=q4_K;ne=[4096, 4096, 1, 1];nb=[144, 2304, 9437184, 9437184]	src1='kqv_out-24':type=f32;ne=[4096, 1, 1, 1];nb=[4, 16384, 16384, 16384]
[SYCL][OP] call ggml_sycl_op_mul_mat/quantize_row_q8_1_sycl: dst='node_1449':type=f32;ne=[4096, 1, 1, 1];nb=[4, 16384, 16384, 16384]	src0='blk.24.attn_output.weight':type=q4_K;ne=[4096, 4096, 1, 1];nb=[144, 2304, 9437184, 9437184]	src1='kqv_out-24':type=f32;ne=[4096, 1, 1, 1];nb=[4, 16384, 16384, 16384] : converting src1 to Q8_1
[SYCL][OP] call ggml_sycl_mul_mat_id: dst='ffn_moe_gate-24':type=f32;ne=[960, 2, 1, 1];nb=[4, 3840, 7680, 7680]	src0='blk.24.ffn_gate_exps.weight':type=q4_K;ne=[4096, 960, 16, 1];nb=[144, 2304, 2211840, 35389440]	src1='ffn_norm-24 (reshaped)':type=f32;ne=[4096, 1, 1, 1];nb=[4, 16384, 16384, 16384]	src2='ffn_moe_topk-24':type=i32;ne=[2, 1, 1, 1];nb=[4, 64, 64, 64]
[SYCL][OP] call ggml_sycl_mul_mat_id done
[SYCL][OP] call ggml_sycl_mul_mat_id: dst='ffn_moe_up-24':type=f32;ne=[960, 2, 1, 1];nb=[4, 3840, 7680, 7680]	src0='blk.24.ffn_up_exps.weight':type=q4_K;ne=[4096, 960, 16, 1];nb=[144, 2304, 2211840, 35389440]	src1='ffn_norm-24 (reshaped)':type=f32;ne=[4096, 1, 1, 1];nb=[4, 16384, 16384, 16384]	src2='ffn_moe_topk-24':type=i32;ne=[2, 1, 1, 1];nb=[4, 64, 64, 64]
[SYCL][OP] call ggml_sycl_mul_mat_id done
[SYCL][OP] call ggml_sycl_mul_mat_id: dst='ffn_moe_down-24':type=f32;ne=[4096, 2, 1, 1];nb=[4, 16384, 32768, 32768]	src0='blk.24.ffn_down_exps.weight':type=q8_0;ne=[960, 4096, 16, 1];nb=[34, 1020, 4177920, 66846720]	src1='ffn_moe_swiglu-24':type=f32;ne=[960, 2, 1, 1];nb=[4, 3840, 7680, 7680]	src2='ffn_moe_topk-24':type=i32;ne=[2, 1, 1, 1];nb=[4, 64, 64, 64]
[SYCL][OP] call ggml_sycl_mul_mat_id done
[SYCL][OP] call ggml_sycl_mul_mat: dst='Qcur-25':type=f32;ne=[4096, 1, 1, 1];nb=[4, 16384, 16384, 16384]	src0='blk.25.attn_q.weight':type=q4_K;ne=[4096, 4096, 1, 1];nb=[144, 2304, 9437184, 9437184]	src1='attn_norm-25':type=f32;ne=[4096, 1, 1, 1];nb=[4, 16384, 16384, 16384]
[SYCL][OP] call ggml_sycl_op_mul_mat/quantize_row_q8_1_sycl: dst='Qcur-25':type=f32;ne=[4096, 1, 1, 1];nb=[4, 16384, 16384, 16384]	src0='blk.25.attn_q.weight':type=q4_K;ne=[4096, 4096, 1, 1];nb=[144, 2304, 9437184, 9437184]	src1='attn_norm-25':type=f32;ne=[4096, 1, 1, 1];nb=[4, 16384, 16384, 16384] : converting src1 to Q8_1
[SYCL][OP] call ggml_sycl_mul_mat: dst='Vcur-25':type=f32;ne=[1024, 1, 1, 1];nb=[4, 4096, 4096, 4096]	src0='blk.25.attn_v.weight':type=q4_K;ne=[4096, 1024, 1, 1];nb=[144, 2304, 2359296, 2359296]	src1='attn_norm-25':type=f32;ne=[4096, 1, 1, 1];nb=[4, 16384, 16384, 16384]
[SYCL][OP] call ggml_sycl_op_mul_mat/quantize_row_q8_1_sycl: dst='Vcur-25':type=f32;ne=[1024, 1, 1, 1];nb=[4, 4096, 4096, 4096]	src0='blk.25.attn_v.weight':type=q4_K;ne=[4096, 1024, 1, 1];nb=[144, 2304, 2359296, 2359296]	src1='attn_norm-25':type=f32;ne=[4096, 1, 1, 1];nb=[4, 16384, 16384, 16384] : converting src1 to Q8_1
[SYCL][OP] call ggml_sycl_mul_mat: dst='Kcur-25':type=f32;ne=[1024, 1, 1, 1];nb=[4, 4096, 4096, 4096]	src0='blk.25.attn_k.weight':type=q4_K;ne=[4096, 1024, 1, 1];nb=[144, 2304, 2359296, 2359296]	src1='attn_norm-25':type=f32;ne=[4096, 1, 1, 1];nb=[4, 16384, 16384, 16384]
[SYCL][OP] call ggml_sycl_op_mul_mat/quantize_row_q8_1_sycl: dst='Kcur-25':type=f32;ne=[1024, 1, 1, 1];nb=[4, 4096, 4096, 4096]	src0='blk.25.attn_k.weight':type=q4_K;ne=[4096, 1024, 1, 1];nb=[144, 2304, 2359296, 2359296]	src1='attn_norm-25':type=f32;ne=[4096, 1, 1, 1];nb=[4, 16384, 16384, 16384] : converting src1 to Q8_1
[SYCL][OP] call ggml_sycl_mul_mat: dst='node_1508':type=f32;ne=[4096, 1, 1, 1];nb=[4, 16384, 16384, 16384]	src0='blk.25.attn_output.weight':type=q4_K;ne=[4096, 4096, 1, 1];nb=[144, 2304, 9437184, 9437184]	src1='kqv_out-25':type=f32;ne=[4096, 1, 1, 1];nb=[4, 16384, 16384, 16384]
[SYCL][OP] call ggml_sycl_op_mul_mat/quantize_row_q8_1_sycl: dst='node_1508':type=f32;ne=[4096, 1, 1, 1];nb=[4, 16384, 16384, 16384]	src0='blk.25.attn_output.weight':type=q4_K;ne=[4096, 4096, 1, 1];nb=[144, 2304, 9437184, 9437184]	src1='kqv_out-25':type=f32;ne=[4096, 1, 1, 1];nb=[4, 16384, 16384, 16384] : converting src1 to Q8_1
[SYCL][OP] call ggml_sycl_mul_mat_id: dst='ffn_moe_gate-25':type=f32;ne=[960, 2, 1, 1];nb=[4, 3840, 7680, 7680]	src0='blk.25.ffn_gate_exps.weight':type=q4_K;ne=[4096, 960, 16, 1];nb=[144, 2304, 2211840, 35389440]	src1='ffn_norm-25 (reshaped)':type=f32;ne=[4096, 1, 1, 1];nb=[4, 16384, 16384, 16384]	src2='ffn_moe_topk-25':type=i32;ne=[2, 1, 1, 1];nb=[4, 64, 64, 64]
[SYCL][OP] call ggml_sycl_mul_mat_id done
[SYCL][OP] call ggml_sycl_mul_mat_id: dst='ffn_moe_up-25':type=f32;ne=[960, 2, 1, 1];nb=[4, 3840, 7680, 7680]	src0='blk.25.ffn_up_exps.weight':type=q4_K;ne=[4096, 960, 16, 1];nb=[144, 2304, 2211840, 35389440]	src1='ffn_norm-25 (reshaped)':type=f32;ne=[4096, 1, 1, 1];nb=[4, 16384, 16384, 16384]	src2='ffn_moe_topk-25':type=i32;ne=[2, 1, 1, 1];nb=[4, 64, 64, 64]
[SYCL][OP] call ggml_sycl_mul_mat_id done
[SYCL][OP] call ggml_sycl_mul_mat_id: dst='ffn_moe_down-25':type=f32;ne=[4096, 2, 1, 1];nb=[4, 16384, 32768, 32768]	src0='blk.25.ffn_down_exps.weight':type=q5_0;ne=[960, 4096, 16, 1];nb=[22, 660, 2703360, 43253760]	src1='ffn_moe_swiglu-25':type=f32;ne=[960, 2, 1, 1];nb=[4, 3840, 7680, 7680]	src2='ffn_moe_topk-25':type=i32;ne=[2, 1, 1, 1];nb=[4, 64, 64, 64]
[SYCL][OP] call ggml_sycl_mul_mat_id done
[SYCL][OP] call ggml_sycl_mul_mat: dst='Qcur-26':type=f32;ne=[4096, 1, 1, 1];nb=[4, 16384, 16384, 16384]	src0='blk.26.attn_q.weight':type=q4_K;ne=[4096, 4096, 1, 1];nb=[144, 2304, 9437184, 9437184]	src1='attn_norm-26':type=f32;ne=[4096, 1, 1, 1];nb=[4, 16384, 16384, 16384]
[SYCL][OP] call ggml_sycl_op_mul_mat/quantize_row_q8_1_sycl: dst='Qcur-26':type=f32;ne=[4096, 1, 1, 1];nb=[4, 16384, 16384, 16384]	src0='blk.26.attn_q.weight':type=q4_K;ne=[4096, 4096, 1, 1];nb=[144, 2304, 9437184, 9437184]	src1='attn_norm-26':type=f32;ne=[4096, 1, 1, 1];nb=[4, 16384, 16384, 16384] : converting src1 to Q8_1
[SYCL][OP] call ggml_sycl_mul_mat: dst='Vcur-26':type=f32;ne=[1024, 1, 1, 1];nb=[4, 4096, 4096, 4096]	src0='blk.26.attn_v.weight':type=q4_K;ne=[4096, 1024, 1, 1];nb=[144, 2304, 2359296, 2359296]	src1='attn_norm-26':type=f32;ne=[4096, 1, 1, 1];nb=[4, 16384, 16384, 16384]
[SYCL][OP] call ggml_sycl_op_mul_mat/quantize_row_q8_1_sycl: dst='Vcur-26':type=f32;ne=[1024, 1, 1, 1];nb=[4, 4096, 4096, 4096]	src0='blk.26.attn_v.weight':type=q4_K;ne=[4096, 1024, 1, 1];nb=[144, 2304, 2359296, 2359296]	src1='attn_norm-26':type=f32;ne=[4096, 1, 1, 1];nb=[4, 16384, 16384, 16384] : converting src1 to Q8_1
[SYCL][OP] call ggml_sycl_mul_mat: dst='Kcur-26':type=f32;ne=[1024, 1, 1, 1];nb=[4, 4096, 4096, 4096]	src0='blk.26.attn_k.weight':type=q4_K;ne=[4096, 1024, 1, 1];nb=[144, 2304, 2359296, 2359296]	src1='attn_norm-26':type=f32;ne=[4096, 1, 1, 1];nb=[4, 16384, 16384, 16384]
[SYCL][OP] call ggml_sycl_op_mul_mat/quantize_row_q8_1_sycl: dst='Kcur-26':type=f32;ne=[1024, 1, 1, 1];nb=[4, 4096, 4096, 4096]	src0='blk.26.attn_k.weight':type=q4_K;ne=[4096, 1024, 1, 1];nb=[144, 2304, 2359296, 2359296]	src1='attn_norm-26':type=f32;ne=[4096, 1, 1, 1];nb=[4, 16384, 16384, 16384] : converting src1 to Q8_1
[SYCL][OP] call ggml_sycl_mul_mat: dst='node_1567':type=f32;ne=[4096, 1, 1, 1];nb=[4, 16384, 16384, 16384]	src0='blk.26.attn_output.weight':type=q4_K;ne=[4096, 4096, 1, 1];nb=[144, 2304, 9437184, 9437184]	src1='kqv_out-26':type=f32;ne=[4096, 1, 1, 1];nb=[4, 16384, 16384, 16384]
[SYCL][OP] call ggml_sycl_op_mul_mat/quantize_row_q8_1_sycl: dst='node_1567':type=f32;ne=[4096, 1, 1, 1];nb=[4, 16384, 16384, 16384]	src0='blk.26.attn_output.weight':type=q4_K;ne=[4096, 4096, 1, 1];nb=[144, 2304, 9437184, 9437184]	src1='kqv_out-26':type=f32;ne=[4096, 1, 1, 1];nb=[4, 16384, 16384, 16384] : converting src1 to Q8_1
[SYCL][OP] call ggml_sycl_mul_mat_id: dst='ffn_moe_gate-26':type=f32;ne=[960, 2, 1, 1];nb=[4, 3840, 7680, 7680]	src0='blk.26.ffn_gate_exps.weight':type=q4_K;ne=[4096, 960, 16, 1];nb=[144, 2304, 2211840, 35389440]	src1='ffn_norm-26 (reshaped)':type=f32;ne=[4096, 1, 1, 1];nb=[4, 16384, 16384, 16384]	src2='ffn_moe_topk-26':type=i32;ne=[2, 1, 1, 1];nb=[4, 64, 64, 64]
[SYCL][OP] call ggml_sycl_mul_mat_id done
[SYCL][OP] call ggml_sycl_mul_mat_id: dst='ffn_moe_up-26':type=f32;ne=[960, 2, 1, 1];nb=[4, 3840, 7680, 7680]	src0='blk.26.ffn_up_exps.weight':type=q4_K;ne=[4096, 960, 16, 1];nb=[144, 2304, 2211840, 35389440]	src1='ffn_norm-26 (reshaped)':type=f32;ne=[4096, 1, 1, 1];nb=[4, 16384, 16384, 16384]	src2='ffn_moe_topk-26':type=i32;ne=[2, 1, 1, 1];nb=[4, 64, 64, 64]
[SYCL][OP] call ggml_sycl_mul_mat_id done
[SYCL][OP] call ggml_sycl_mul_mat_id: dst='ffn_moe_down-26':type=f32;ne=[4096, 2, 1, 1];nb=[4, 16384, 32768, 32768]	src0='blk.26.ffn_down_exps.weight':type=q5_0;ne=[960, 4096, 16, 1];nb=[22, 660, 2703360, 43253760]	src1='ffn_moe_swiglu-26':type=f32;ne=[960, 2, 1, 1];nb=[4, 3840, 7680, 7680]	src2='ffn_moe_topk-26':type=i32;ne=[2, 1, 1, 1];nb=[4, 64, 64, 64]
[SYCL][OP] call ggml_sycl_mul_mat_id done
[SYCL][OP] call ggml_sycl_mul_mat: dst='Qcur-27':type=f32;ne=[4096, 1, 1, 1];nb=[4, 16384, 16384, 16384]	src0='blk.27.attn_q.weight':type=q4_K;ne=[4096, 4096, 1, 1];nb=[144, 2304, 9437184, 9437184]	src1='attn_norm-27':type=f32;ne=[4096, 1, 1, 1];nb=[4, 16384, 16384, 16384]
[SYCL][OP] call ggml_sycl_op_mul_mat/quantize_row_q8_1_sycl: dst='Qcur-27':type=f32;ne=[4096, 1, 1, 1];nb=[4, 16384, 16384, 16384]	src0='blk.27.attn_q.weight':type=q4_K;ne=[4096, 4096, 1, 1];nb=[144, 2304, 9437184, 9437184]	src1='attn_norm-27':type=f32;ne=[4096, 1, 1, 1];nb=[4, 16384, 16384, 16384] : converting src1 to Q8_1
[SYCL][OP] call ggml_sycl_mul_mat: dst='Kcur-27':type=f32;ne=[1024, 1, 1, 1];nb=[4, 4096, 4096, 4096]	src0='blk.27.attn_k.weight':type=q4_K;ne=[4096, 1024, 1, 1];nb=[144, 2304, 2359296, 2359296]	src1='attn_norm-27':type=f32;ne=[4096, 1, 1, 1];nb=[4, 16384, 16384, 16384]
[SYCL][OP] call ggml_sycl_op_mul_mat/quantize_row_q8_1_sycl: dst='Kcur-27':type=f32;ne=[1024, 1, 1, 1];nb=[4, 4096, 4096, 4096]	src0='blk.27.attn_k.weight':type=q4_K;ne=[4096, 1024, 1, 1];nb=[144, 2304, 2359296, 2359296]	src1='attn_norm-27':type=f32;ne=[4096, 1, 1, 1];nb=[4, 16384, 16384, 16384] : converting src1 to Q8_1
[SYCL][OP] call ggml_sycl_mul_mat: dst='node_1626':type=f32;ne=[4096, 1, 1, 1];nb=[4, 16384, 16384, 16384]	src0='blk.27.attn_output.weight':type=q4_K;ne=[4096, 4096, 1, 1];nb=[144, 2304, 9437184, 9437184]	src1='kqv_out-27':type=f32;ne=[4096, 1, 1, 1];nb=[4, 16384, 16384, 16384]
[SYCL][OP] call ggml_sycl_op_mul_mat/quantize_row_q8_1_sycl: dst='node_1626':type=f32;ne=[4096, 1, 1, 1];nb=[4, 16384, 16384, 16384]	src0='blk.27.attn_output.weight':type=q4_K;ne=[4096, 4096, 1, 1];nb=[144, 2304, 9437184, 9437184]	src1='kqv_out-27':type=f32;ne=[4096, 1, 1, 1];nb=[4, 16384, 16384, 16384] : converting src1 to Q8_1
[SYCL][OP] call ggml_sycl_mul_mat_id: dst='ffn_moe_gate-27':type=f32;ne=[960, 2, 1, 1];nb=[4, 3840, 7680, 7680]	src0='blk.27.ffn_gate_exps.weight':type=q4_K;ne=[4096, 960, 16, 1];nb=[144, 2304, 2211840, 35389440]	src1='ffn_norm-27 (reshaped)':type=f32;ne=[4096, 1, 1, 1];nb=[4, 16384, 16384, 16384]	src2='ffn_moe_topk-27':type=i32;ne=[2, 1, 1, 1];nb=[4, 64, 64, 64]
[SYCL][OP] call ggml_sycl_mul_mat_id done
[SYCL][OP] call ggml_sycl_mul_mat_id: dst='ffn_moe_up-27':type=f32;ne=[960, 2, 1, 1];nb=[4, 3840, 7680, 7680]	src0='blk.27.ffn_up_exps.weight':type=q4_K;ne=[4096, 960, 16, 1];nb=[144, 2304, 2211840, 35389440]	src1='ffn_norm-27 (reshaped)':type=f32;ne=[4096, 1, 1, 1];nb=[4, 16384, 16384, 16384]	src2='ffn_moe_topk-27':type=i32;ne=[2, 1, 1, 1];nb=[4, 64, 64, 64]
[SYCL][OP] call ggml_sycl_mul_mat_id done
[SYCL][OP] call ggml_sycl_mul_mat_id: dst='ffn_moe_down-27':type=f32;ne=[4096, 2, 1, 1];nb=[4, 16384, 32768, 32768]	src0='blk.27.ffn_down_exps.weight':type=q8_0;ne=[960, 4096, 16, 1];nb=[34, 1020, 4177920, 66846720]	src1='ffn_moe_swiglu-27':type=f32;ne=[960, 2, 1, 1];nb=[4, 3840, 7680, 7680]	src2='ffn_moe_topk-27':type=i32;ne=[2, 1, 1, 1];nb=[4, 64, 64, 64]
[SYCL][OP] call ggml_sycl_mul_mat_id done
[SYCL][OP] call ggml_sycl_mul_mat: dst='Qcur-28':type=f32;ne=[4096, 1, 1, 1];nb=[4, 16384, 16384, 16384]	src0='blk.28.attn_q.weight':type=q4_K;ne=[4096, 4096, 1, 1];nb=[144, 2304, 9437184, 9437184]	src1='attn_norm-28':type=f32;ne=[4096, 1, 1, 1];nb=[4, 16384, 16384, 16384]
[SYCL][OP] call ggml_sycl_op_mul_mat/quantize_row_q8_1_sycl: dst='Qcur-28':type=f32;ne=[4096, 1, 1, 1];nb=[4, 16384, 16384, 16384]	src0='blk.28.attn_q.weight':type=q4_K;ne=[4096, 4096, 1, 1];nb=[144, 2304, 9437184, 9437184]	src1='attn_norm-28':type=f32;ne=[4096, 1, 1, 1];nb=[4, 16384, 16384, 16384] : converting src1 to Q8_1
[SYCL][OP] call ggml_sycl_mul_mat: dst='Kcur-28':type=f32;ne=[1024, 1, 1, 1];nb=[4, 4096, 4096, 4096]	src0='blk.28.attn_k.weight':type=q4_K;ne=[4096, 1024, 1, 1];nb=[144, 2304, 2359296, 2359296]	src1='attn_norm-28':type=f32;ne=[4096, 1, 1, 1];nb=[4, 16384, 16384, 16384]
[SYCL][OP] call ggml_sycl_op_mul_mat/quantize_row_q8_1_sycl: dst='Kcur-28':type=f32;ne=[1024, 1, 1, 1];nb=[4, 4096, 4096, 4096]	src0='blk.28.attn_k.weight':type=q4_K;ne=[4096, 1024, 1, 1];nb=[144, 2304, 2359296, 2359296]	src1='attn_norm-28':type=f32;ne=[4096, 1, 1, 1];nb=[4, 16384, 16384, 16384] : converting src1 to Q8_1
[SYCL][OP] call ggml_sycl_mul_mat: dst='node_1685':type=f32;ne=[4096, 1, 1, 1];nb=[4, 16384, 16384, 16384]	src0='blk.28.attn_output.weight':type=q4_K;ne=[4096, 4096, 1, 1];nb=[144, 2304, 9437184, 9437184]	src1='kqv_out-28':type=f32;ne=[4096, 1, 1, 1];nb=[4, 16384, 16384, 16384]
[SYCL][OP] call ggml_sycl_op_mul_mat/quantize_row_q8_1_sycl: dst='node_1685':type=f32;ne=[4096, 1, 1, 1];nb=[4, 16384, 16384, 16384]	src0='blk.28.attn_output.weight':type=q4_K;ne=[4096, 4096, 1, 1];nb=[144, 2304, 9437184, 9437184]	src1='kqv_out-28':type=f32;ne=[4096, 1, 1, 1];nb=[4, 16384, 16384, 16384] : converting src1 to Q8_1
[SYCL][OP] call ggml_sycl_mul_mat_id: dst='ffn_moe_gate-28':type=f32;ne=[960, 2, 1, 1];nb=[4, 3840, 7680, 7680]	src0='blk.28.ffn_gate_exps.weight':type=q4_K;ne=[4096, 960, 16, 1];nb=[144, 2304, 2211840, 35389440]	src1='ffn_norm-28 (reshaped)':type=f32;ne=[4096, 1, 1, 1];nb=[4, 16384, 16384, 16384]	src2='ffn_moe_topk-28':type=i32;ne=[2, 1, 1, 1];nb=[4, 64, 64, 64]
[SYCL][OP] call ggml_sycl_mul_mat_id done
[SYCL][OP] call ggml_sycl_mul_mat_id: dst='ffn_moe_up-28':type=f32;ne=[960, 2, 1, 1];nb=[4, 3840, 7680, 7680]	src0='blk.28.ffn_up_exps.weight':type=q4_K;ne=[4096, 960, 16, 1];nb=[144, 2304, 2211840, 35389440]	src1='ffn_norm-28 (reshaped)':type=f32;ne=[4096, 1, 1, 1];nb=[4, 16384, 16384, 16384]	src2='ffn_moe_topk-28':type=i32;ne=[2, 1, 1, 1];nb=[4, 64, 64, 64]
[SYCL][OP] call ggml_sycl_mul_mat_id done
[SYCL][OP] call ggml_sycl_mul_mat_id: dst='ffn_moe_down-28':type=f32;ne=[4096, 2, 1, 1];nb=[4, 16384, 32768, 32768]	src0='blk.28.ffn_down_exps.weight':type=q8_0;ne=[960, 4096, 16, 1];nb=[34, 1020, 4177920, 66846720]	src1='ffn_moe_swiglu-28':type=f32;ne=[960, 2, 1, 1];nb=[4, 3840, 7680, 7680]	src2='ffn_moe_topk-28':type=i32;ne=[2, 1, 1, 1];nb=[4, 64, 64, 64]
[SYCL][OP] call ggml_sycl_mul_mat_id done
[SYCL][OP] call ggml_sycl_mul_mat: dst='Qcur-29':type=f32;ne=[4096, 1, 1, 1];nb=[4, 16384, 16384, 16384]	src0='blk.29.attn_q.weight':type=q4_K;ne=[4096, 4096, 1, 1];nb=[144, 2304, 9437184, 9437184]	src1='attn_norm-29':type=f32;ne=[4096, 1, 1, 1];nb=[4, 16384, 16384, 16384]
[SYCL][OP] call ggml_sycl_op_mul_mat/quantize_row_q8_1_sycl: dst='Qcur-29':type=f32;ne=[4096, 1, 1, 1];nb=[4, 16384, 16384, 16384]	src0='blk.29.attn_q.weight':type=q4_K;ne=[4096, 4096, 1, 1];nb=[144, 2304, 9437184, 9437184]	src1='attn_norm-29':type=f32;ne=[4096, 1, 1, 1];nb=[4, 16384, 16384, 16384] : converting src1 to Q8_1
[SYCL][OP] call ggml_sycl_mul_mat: dst='Kcur-29':type=f32;ne=[1024, 1, 1, 1];nb=[4, 4096, 4096, 4096]	src0='blk.29.attn_k.weight':type=q4_K;ne=[4096, 1024, 1, 1];nb=[144, 2304, 2359296, 2359296]	src1='attn_norm-29':type=f32;ne=[4096, 1, 1, 1];nb=[4, 16384, 16384, 16384]
[SYCL][OP] call ggml_sycl_op_mul_mat/quantize_row_q8_1_sycl: dst='Kcur-29':type=f32;ne=[1024, 1, 1, 1];nb=[4, 4096, 4096, 4096]	src0='blk.29.attn_k.weight':type=q4_K;ne=[4096, 1024, 1, 1];nb=[144, 2304, 2359296, 2359296]	src1='attn_norm-29':type=f32;ne=[4096, 1, 1, 1];nb=[4, 16384, 16384, 16384] : converting src1 to Q8_1
[SYCL][OP] call ggml_sycl_mul_mat: dst='node_1744':type=f32;ne=[4096, 1, 1, 1];nb=[4, 16384, 16384, 16384]	src0='blk.29.attn_output.weight':type=q4_K;ne=[4096, 4096, 1, 1];nb=[144, 2304, 9437184, 9437184]	src1='kqv_out-29':type=f32;ne=[4096, 1, 1, 1];nb=[4, 16384, 16384, 16384]
[SYCL][OP] call ggml_sycl_op_mul_mat/quantize_row_q8_1_sycl: dst='node_1744':type=f32;ne=[4096, 1, 1, 1];nb=[4, 16384, 16384, 16384]	src0='blk.29.attn_output.weight':type=q4_K;ne=[4096, 4096, 1, 1];nb=[144, 2304, 9437184, 9437184]	src1='kqv_out-29':type=f32;ne=[4096, 1, 1, 1];nb=[4, 16384, 16384, 16384] : converting src1 to Q8_1
[SYCL][OP] call ggml_sycl_mul_mat_id: dst='ffn_moe_gate-29':type=f32;ne=[960, 2, 1, 1];nb=[4, 3840, 7680, 7680]	src0='blk.29.ffn_gate_exps.weight':type=q4_K;ne=[4096, 960, 16, 1];nb=[144, 2304, 2211840, 35389440]	src1='ffn_norm-29 (reshaped)':type=f32;ne=[4096, 1, 1, 1];nb=[4, 16384, 16384, 16384]	src2='ffn_moe_topk-29':type=i32;ne=[2, 1, 1, 1];nb=[4, 64, 64, 64]
[SYCL][OP] call ggml_sycl_mul_mat_id done
[SYCL][OP] call ggml_sycl_mul_mat_id: dst='ffn_moe_up-29':type=f32;ne=[960, 2, 1, 1];nb=[4, 3840, 7680, 7680]	src0='blk.29.ffn_up_exps.weight':type=q4_K;ne=[4096, 960, 16, 1];nb=[144, 2304, 2211840, 35389440]	src1='ffn_norm-29 (reshaped)':type=f32;ne=[4096, 1, 1, 1];nb=[4, 16384, 16384, 16384]	src2='ffn_moe_topk-29':type=i32;ne=[2, 1, 1, 1];nb=[4, 64, 64, 64]
[SYCL][OP] call ggml_sycl_mul_mat_id done
[SYCL][OP] call ggml_sycl_mul_mat_id: dst='ffn_moe_down-29':type=f32;ne=[4096, 2, 1, 1];nb=[4, 16384, 32768, 32768]	src0='blk.29.ffn_down_exps.weight':type=q8_0;ne=[960, 4096, 16, 1];nb=[34, 1020, 4177920, 66846720]	src1='ffn_moe_swiglu-29':type=f32;ne=[960, 2, 1, 1];nb=[4, 3840, 7680, 7680]	src2='ffn_moe_topk-29':type=i32;ne=[2, 1, 1, 1];nb=[4, 64, 64, 64]
[SYCL][OP] call ggml_sycl_mul_mat_id done
[SYCL][OP] call ggml_sycl_mul_mat: dst='Qcur-30':type=f32;ne=[4096, 1, 1, 1];nb=[4, 16384, 16384, 16384]	src0='blk.30.attn_q.weight':type=q4_K;ne=[4096, 4096, 1, 1];nb=[144, 2304, 9437184, 9437184]	src1='attn_norm-30':type=f32;ne=[4096, 1, 1, 1];nb=[4, 16384, 16384, 16384]
[SYCL][OP] call ggml_sycl_op_mul_mat/quantize_row_q8_1_sycl: dst='Qcur-30':type=f32;ne=[4096, 1, 1, 1];nb=[4, 16384, 16384, 16384]	src0='blk.30.attn_q.weight':type=q4_K;ne=[4096, 4096, 1, 1];nb=[144, 2304, 9437184, 9437184]	src1='attn_norm-30':type=f32;ne=[4096, 1, 1, 1];nb=[4, 16384, 16384, 16384] : converting src1 to Q8_1
[SYCL][OP] call ggml_sycl_mul_mat: dst='Kcur-30':type=f32;ne=[1024, 1, 1, 1];nb=[4, 4096, 4096, 4096]	src0='blk.30.attn_k.weight':type=q4_K;ne=[4096, 1024, 1, 1];nb=[144, 2304, 2359296, 2359296]	src1='attn_norm-30':type=f32;ne=[4096, 1, 1, 1];nb=[4, 16384, 16384, 16384]
[SYCL][OP] call ggml_sycl_op_mul_mat/quantize_row_q8_1_sycl: dst='Kcur-30':type=f32;ne=[1024, 1, 1, 1];nb=[4, 4096, 4096, 4096]	src0='blk.30.attn_k.weight':type=q4_K;ne=[4096, 1024, 1, 1];nb=[144, 2304, 2359296, 2359296]	src1='attn_norm-30':type=f32;ne=[4096, 1, 1, 1];nb=[4, 16384, 16384, 16384] : converting src1 to Q8_1
[SYCL][OP] call ggml_sycl_mul_mat: dst='node_1803':type=f32;ne=[4096, 1, 1, 1];nb=[4, 16384, 16384, 16384]	src0='blk.30.attn_output.weight':type=q4_K;ne=[4096, 4096, 1, 1];nb=[144, 2304, 9437184, 9437184]	src1='kqv_out-30':type=f32;ne=[4096, 1, 1, 1];nb=[4, 16384, 16384, 16384]
[SYCL][OP] call ggml_sycl_op_mul_mat/quantize_row_q8_1_sycl: dst='node_1803':type=f32;ne=[4096, 1, 1, 1];nb=[4, 16384, 16384, 16384]	src0='blk.30.attn_output.weight':type=q4_K;ne=[4096, 4096, 1, 1];nb=[144, 2304, 9437184, 9437184]	src1='kqv_out-30':type=f32;ne=[4096, 1, 1, 1];nb=[4, 16384, 16384, 16384] : converting src1 to Q8_1
[SYCL][OP] call ggml_sycl_mul_mat_id: dst='ffn_moe_gate-30':type=f32;ne=[960, 2, 1, 1];nb=[4, 3840, 7680, 7680]	src0='blk.30.ffn_gate_exps.weight':type=q4_K;ne=[4096, 960, 16, 1];nb=[144, 2304, 2211840, 35389440]	src1='ffn_norm-30 (reshaped)':type=f32;ne=[4096, 1, 1, 1];nb=[4, 16384, 16384, 16384]	src2='ffn_moe_topk-30':type=i32;ne=[2, 1, 1, 1];nb=[4, 64, 64, 64]
[SYCL][OP] call ggml_sycl_mul_mat_id done
[SYCL][OP] call ggml_sycl_mul_mat_id: dst='ffn_moe_up-30':type=f32;ne=[960, 2, 1, 1];nb=[4, 3840, 7680, 7680]	src0='blk.30.ffn_up_exps.weight':type=q4_K;ne=[4096, 960, 16, 1];nb=[144, 2304, 2211840, 35389440]	src1='ffn_norm-30 (reshaped)':type=f32;ne=[4096, 1, 1, 1];nb=[4, 16384, 16384, 16384]	src2='ffn_moe_topk-30':type=i32;ne=[2, 1, 1, 1];nb=[4, 64, 64, 64]
[SYCL][OP] call ggml_sycl_mul_mat_id done
[SYCL][OP] call ggml_sycl_mul_mat_id: dst='ffn_moe_down-30':type=f32;ne=[4096, 2, 1, 1];nb=[4, 16384, 32768, 32768]	src0='blk.30.ffn_down_exps.weight':type=q8_0;ne=[960, 4096, 16, 1];nb=[34, 1020, 4177920, 66846720]	src1='ffn_moe_swiglu-30':type=f32;ne=[960, 2, 1, 1];nb=[4, 3840, 7680, 7680]	src2='ffn_moe_topk-30':type=i32;ne=[2, 1, 1, 1];nb=[4, 64, 64, 64]
[SYCL][OP] call ggml_sycl_mul_mat_id done
[SYCL][OP] call ggml_sycl_mul_mat: dst='Qcur-31':type=f32;ne=[4096, 1, 1, 1];nb=[4, 16384, 16384, 16384]	src0='blk.31.attn_q.weight':type=q4_K;ne=[4096, 4096, 1, 1];nb=[144, 2304, 9437184, 9437184]	src1='attn_norm-31':type=f32;ne=[4096, 1, 1, 1];nb=[4, 16384, 16384, 16384]
[SYCL][OP] call ggml_sycl_op_mul_mat/quantize_row_q8_1_sycl: dst='Qcur-31':type=f32;ne=[4096, 1, 1, 1];nb=[4, 16384, 16384, 16384]	src0='blk.31.attn_q.weight':type=q4_K;ne=[4096, 4096, 1, 1];nb=[144, 2304, 9437184, 9437184]	src1='attn_norm-31':type=f32;ne=[4096, 1, 1, 1];nb=[4, 16384, 16384, 16384] : converting src1 to Q8_1
[SYCL][OP] call ggml_sycl_mul_mat: dst='Kcur-31':type=f32;ne=[1024, 1, 1, 1];nb=[4, 4096, 4096, 4096]	src0='blk.31.attn_k.weight':type=q4_K;ne=[4096, 1024, 1, 1];nb=[144, 2304, 2359296, 2359296]	src1='attn_norm-31':type=f32;ne=[4096, 1, 1, 1];nb=[4, 16384, 16384, 16384]
[SYCL][OP] call ggml_sycl_op_mul_mat/quantize_row_q8_1_sycl: dst='Kcur-31':type=f32;ne=[1024, 1, 1, 1];nb=[4, 4096, 4096, 4096]	src0='blk.31.attn_k.weight':type=q4_K;ne=[4096, 1024, 1, 1];nb=[144, 2304, 2359296, 2359296]	src1='attn_norm-31':type=f32;ne=[4096, 1, 1, 1];nb=[4, 16384, 16384, 16384] : converting src1 to Q8_1
[SYCL][OP] call ggml_sycl_mul_mat: dst='node_1862':type=f32;ne=[4096, 1, 1, 1];nb=[4, 16384, 16384, 16384]	src0='blk.31.attn_output.weight':type=q4_K;ne=[4096, 4096, 1, 1];nb=[144, 2304, 9437184, 9437184]	src1='kqv_out-31':type=f32;ne=[4096, 1, 1, 1];nb=[4, 16384, 16384, 16384]
[SYCL][OP] call ggml_sycl_op_mul_mat/quantize_row_q8_1_sycl: dst='node_1862':type=f32;ne=[4096, 1, 1, 1];nb=[4, 16384, 16384, 16384]	src0='blk.31.attn_output.weight':type=q4_K;ne=[4096, 4096, 1, 1];nb=[144, 2304, 9437184, 9437184]	src1='kqv_out-31':type=f32;ne=[4096, 1, 1, 1];nb=[4, 16384, 16384, 16384] : converting src1 to Q8_1
[SYCL][OP] call ggml_sycl_mul_mat_id: dst='ffn_moe_gate-31':type=f32;ne=[960, 2, 1, 1];nb=[4, 3840, 7680, 7680]	src0='blk.31.ffn_gate_exps.weight':type=q4_K;ne=[4096, 960, 16, 1];nb=[144, 2304, 2211840, 35389440]	src1='ffn_norm-31 (reshaped)':type=f32;ne=[4096, 1, 1, 1];nb=[4, 16384, 16384, 16384]	src2='ffn_moe_topk-31':type=i32;ne=[2, 1, 1, 1];nb=[4, 64, 64, 64]
[SYCL][OP] call ggml_sycl_mul_mat_id done
[SYCL][OP] call ggml_sycl_mul_mat_id: dst='ffn_moe_up-31':type=f32;ne=[960, 2, 1, 1];nb=[4, 3840, 7680, 7680]	src0='blk.31.ffn_up_exps.weight':type=q4_K;ne=[4096, 960, 16, 1];nb=[144, 2304, 2211840, 35389440]	src1='ffn_norm-31 (reshaped)':type=f32;ne=[4096, 1, 1, 1];nb=[4, 16384, 16384, 16384]	src2='ffn_moe_topk-31':type=i32;ne=[2, 1, 1, 1];nb=[4, 64, 64, 64]
[SYCL][OP] call ggml_sycl_mul_mat_id done
[SYCL][OP] call ggml_sycl_mul_mat_id: dst='ffn_moe_down-31':type=f32;ne=[4096, 2, 1, 1];nb=[4, 16384, 32768, 32768]	src0='blk.31.ffn_down_exps.weight':type=q8_0;ne=[960, 4096, 16, 1];nb=[34, 1020, 4177920, 66846720]	src1='ffn_moe_swiglu-31':type=f32;ne=[960, 2, 1, 1];nb=[4, 3840, 7680, 7680]	src2='ffn_moe_topk-31':type=i32;ne=[2, 1, 1, 1];nb=[4, 64, 64, 64]
[SYCL][OP] call ggml_sycl_mul_mat_id done
[SYCL][OP] call ggml_sycl_mul_mat: dst='Qcur-0':type=f32;ne=[4096, 1, 1, 1];nb=[4, 16384, 16384, 16384]	src0='blk.0.attn_q.weight':type=q4_K;ne=[4096, 4096, 1, 1];nb=[144, 2304, 9437184, 9437184]	src1='attn_norm-0':type=f32;ne=[4096, 1, 1, 1];nb=[4, 16384, 16384, 16384]
[SYCL][OP] call ggml_sycl_op_mul_mat/quantize_row_q8_1_sycl: dst='Qcur-0':type=f32;ne=[4096, 1, 1, 1];nb=[4, 16384, 16384, 16384]	src0='blk.0.attn_q.weight':type=q4_K;ne=[4096, 4096, 1, 1];nb=[144, 2304, 9437184, 9437184]	src1='attn_norm-0':type=f32;ne=[4096, 1, 1, 1];nb=[4, 16384, 16384, 16384] : converting src1 to Q8_1
[SYCL][OP] call ggml_sycl_mul_mat: dst='Kcur-0':type=f32;ne=[1024, 1, 1, 1];nb=[4, 4096, 4096, 4096]	src0='blk.0.attn_k.weight':type=q4_K;ne=[4096, 1024, 1, 1];nb=[144, 2304, 2359296, 2359296]	src1='attn_norm-0':type=f32;ne=[4096, 1, 1, 1];nb=[4, 16384, 16384, 16384]
[SYCL][OP] call ggml_sycl_op_mul_mat/quantize_row_q8_1_sycl: dst='Kcur-0':type=f32;ne=[1024, 1, 1, 1];nb=[4, 4096, 4096, 4096]	src0='blk.0.attn_k.weight':type=q4_K;ne=[4096, 1024, 1, 1];nb=[144, 2304, 2359296, 2359296]	src1='attn_norm-0':type=f32;ne=[4096, 1, 1, 1];nb=[4, 16384, 16384, 16384] : converting src1 to Q8_1
[SYCL][OP] call ggml_sycl_mul_mat: dst='node_33':type=f32;ne=[4096, 1, 1, 1];nb=[4, 16384, 16384, 16384]	src0='blk.0.attn_output.weight':type=q4_K;ne=[4096, 4096, 1, 1];nb=[144, 2304, 9437184, 9437184]	src1='kqv_out-0':type=f32;ne=[4096, 1, 1, 1];nb=[4, 16384, 16384, 16384]
[SYCL][OP] call ggml_sycl_op_mul_mat/quantize_row_q8_1_sycl: dst='node_33':type=f32;ne=[4096, 1, 1, 1];nb=[4, 16384, 16384, 16384]	src0='blk.0.attn_output.weight':type=q4_K;ne=[4096, 4096, 1, 1];nb=[144, 2304, 9437184, 9437184]	src1='kqv_out-0':type=f32;ne=[4096, 1, 1, 1];nb=[4, 16384, 16384, 16384] : converting src1 to Q8_1
[SYCL][OP] call ggml_sycl_mul_mat_id: dst='ffn_moe_gate-0':type=f32;ne=[960, 2, 1, 1];nb=[4, 3840, 7680, 7680]	src0='blk.0.ffn_gate_exps.weight':type=q4_K;ne=[4096, 960, 16, 1];nb=[144, 2304, 2211840, 35389440]	src1='ffn_norm-0 (reshaped)':type=f32;ne=[4096, 1, 1, 1];nb=[4, 16384, 16384, 16384]	src2='ffn_moe_topk-0':type=i32;ne=[2, 1, 1, 1];nb=[4, 64, 64, 64]
[SYCL][OP] call ggml_sycl_mul_mat_id done
[SYCL][OP] call ggml_sycl_mul_mat_id: dst='ffn_moe_up-0':type=f32;ne=[960, 2, 1, 1];nb=[4, 3840, 7680, 7680]	src0='blk.0.ffn_up_exps.weight':type=q4_K;ne=[4096, 960, 16, 1];nb=[144, 2304, 2211840, 35389440]	src1='ffn_norm-0 (reshaped)':type=f32;ne=[4096, 1, 1, 1];nb=[4, 16384, 16384, 16384]	src2='ffn_moe_topk-0':type=i32;ne=[2, 1, 1, 1];nb=[4, 64, 64, 64]
[SYCL][OP] call ggml_sycl_mul_mat_id done
[SYCL][OP] call ggml_sycl_mul_mat_id: dst='ffn_moe_down-0':type=f32;ne=[4096, 2, 1, 1];nb=[4, 16384, 32768, 32768]	src0='blk.0.ffn_down_exps.weight':type=q8_0;ne=[960, 4096, 16, 1];nb=[34, 1020, 4177920, 66846720]	src1='ffn_moe_swiglu-0':type=f32;ne=[960, 2, 1, 1];nb=[4, 3840, 7680, 7680]	src2='ffn_moe_topk-0':type=i32;ne=[2, 1, 1, 1];nb=[4, 64, 64, 64]
[SYCL][OP] call ggml_sycl_mul_mat_id done
[SYCL][OP] call ggml_sycl_mul_mat: dst='Qcur-1':type=f32;ne=[4096, 1, 1, 1];nb=[4, 16384, 16384, 16384]	src0='blk.1.attn_q.weight':type=q4_K;ne=[4096, 4096, 1, 1];nb=[144, 2304, 9437184, 9437184]	src1='attn_norm-1':type=f32;ne=[4096, 1, 1, 1];nb=[4, 16384, 16384, 16384]
[SYCL][OP] call ggml_sycl_op_mul_mat/quantize_row_q8_1_sycl: dst='Qcur-1':type=f32;ne=[4096, 1, 1, 1];nb=[4, 16384, 16384, 16384]	src0='blk.1.attn_q.weight':type=q4_K;ne=[4096, 4096, 1, 1];nb=[144, 2304, 9437184, 9437184]	src1='attn_norm-1':type=f32;ne=[4096, 1, 1, 1];nb=[4, 16384, 16384, 16384] : converting src1 to Q8_1
[SYCL][OP] call ggml_sycl_mul_mat: dst='Kcur-1':type=f32;ne=[1024, 1, 1, 1];nb=[4, 4096, 4096, 4096]	src0='blk.1.attn_k.weight':type=q4_K;ne=[4096, 1024, 1, 1];nb=[144, 2304, 2359296, 2359296]	src1='attn_norm-1':type=f32;ne=[4096, 1, 1, 1];nb=[4, 16384, 16384, 16384]
[SYCL][OP] call ggml_sycl_op_mul_mat/quantize_row_q8_1_sycl: dst='Kcur-1':type=f32;ne=[1024, 1, 1, 1];nb=[4, 4096, 4096, 4096]	src0='blk.1.attn_k.weight':type=q4_K;ne=[4096, 1024, 1, 1];nb=[144, 2304, 2359296, 2359296]	src1='attn_norm-1':type=f32;ne=[4096, 1, 1, 1];nb=[4, 16384, 16384, 16384] : converting src1 to Q8_1
[SYCL][OP] call ggml_sycl_mul_mat: dst='node_92':type=f32;ne=[4096, 1, 1, 1];nb=[4, 16384, 16384, 16384]	src0='blk.1.attn_output.weight':type=q4_K;ne=[4096, 4096, 1, 1];nb=[144, 2304, 9437184, 9437184]	src1='kqv_out-1':type=f32;ne=[4096, 1, 1, 1];nb=[4, 16384, 16384, 16384]
[SYCL][OP] call ggml_sycl_op_mul_mat/quantize_row_q8_1_sycl: dst='node_92':type=f32;ne=[4096, 1, 1, 1];nb=[4, 16384, 16384, 16384]	src0='blk.1.attn_output.weight':type=q4_K;ne=[4096, 4096, 1, 1];nb=[144, 2304, 9437184, 9437184]	src1='kqv_out-1':type=f32;ne=[4096, 1, 1, 1];nb=[4, 16384, 16384, 16384] : converting src1 to Q8_1
[SYCL][OP] call ggml_sycl_mul_mat_id: dst='ffn_moe_gate-1':type=f32;ne=[960, 2, 1, 1];nb=[4, 3840, 7680, 7680]	src0='blk.1.ffn_gate_exps.weight':type=q4_K;ne=[4096, 960, 16, 1];nb=[144, 2304, 2211840, 35389440]	src1='ffn_norm-1 (reshaped)':type=f32;ne=[4096, 1, 1, 1];nb=[4, 16384, 16384, 16384]	src2='ffn_moe_topk-1':type=i32;ne=[2, 1, 1, 1];nb=[4, 64, 64, 64]
[SYCL][OP] call ggml_sycl_mul_mat_id done
[SYCL][OP] call ggml_sycl_mul_mat_id: dst='ffn_moe_up-1':type=f32;ne=[960, 2, 1, 1];nb=[4, 3840, 7680, 7680]	src0='blk.1.ffn_up_exps.weight':type=q4_K;ne=[4096, 960, 16, 1];nb=[144, 2304, 2211840, 35389440]	src1='ffn_norm-1 (reshaped)':type=f32;ne=[4096, 1, 1, 1];nb=[4, 16384, 16384, 16384]	src2='ffn_moe_topk-1':type=i32;ne=[2, 1, 1, 1];nb=[4, 64, 64, 64]
[SYCL][OP] call ggml_sycl_mul_mat_id done
[SYCL][OP] call ggml_sycl_mul_mat_id: dst='ffn_moe_down-1':type=f32;ne=[4096, 2, 1, 1];nb=[4, 16384, 32768, 32768]	src0='blk.1.ffn_down_exps.weight':type=q8_0;ne=[960, 4096, 16, 1];nb=[34, 1020, 4177920, 66846720]	src1='ffn_moe_swiglu-1':type=f32;ne=[960, 2, 1, 1];nb=[4, 3840, 7680, 7680]	src2='ffn_moe_topk-1':type=i32;ne=[2, 1, 1, 1];nb=[4, 64, 64, 64]
[SYCL][OP] call ggml_sycl_mul_mat_id done
[SYCL][OP] call ggml_sycl_mul_mat: dst='Qcur-2':type=f32;ne=[4096, 1, 1, 1];nb=[4, 16384, 16384, 16384]	src0='blk.2.attn_q.weight':type=q4_K;ne=[4096, 4096, 1, 1];nb=[144, 2304, 9437184, 9437184]	src1='attn_norm-2':type=f32;ne=[4096, 1, 1, 1];nb=[4, 16384, 16384, 16384]
[SYCL][OP] call ggml_sycl_op_mul_mat/quantize_row_q8_1_sycl: dst='Qcur-2':type=f32;ne=[4096, 1, 1, 1];nb=[4, 16384, 16384, 16384]	src0='blk.2.attn_q.weight':type=q4_K;ne=[4096, 4096, 1, 1];nb=[144, 2304, 9437184, 9437184]	src1='attn_norm-2':type=f32;ne=[4096, 1, 1, 1];nb=[4, 16384, 16384, 16384] : converting src1 to Q8_1
[SYCL][OP] call ggml_sycl_mul_mat: dst='Kcur-2':type=f32;ne=[1024, 1, 1, 1];nb=[4, 4096, 4096, 4096]	src0='blk.2.attn_k.weight':type=q4_K;ne=[4096, 1024, 1, 1];nb=[144, 2304, 2359296, 2359296]	src1='attn_norm-2':type=f32;ne=[4096, 1, 1, 1];nb=[4, 16384, 16384, 16384]
[SYCL][OP] call ggml_sycl_op_mul_mat/quantize_row_q8_1_sycl: dst='Kcur-2':type=f32;ne=[1024, 1, 1, 1];nb=[4, 4096, 4096, 4096]	src0='blk.2.attn_k.weight':type=q4_K;ne=[4096, 1024, 1, 1];nb=[144, 2304, 2359296, 2359296]	src1='attn_norm-2':type=f32;ne=[4096, 1, 1, 1];nb=[4, 16384, 16384, 16384] : converting src1 to Q8_1
[SYCL][OP] call ggml_sycl_mul_mat: dst='node_151':type=f32;ne=[4096, 1, 1, 1];nb=[4, 16384, 16384, 16384]	src0='blk.2.attn_output.weight':type=q4_K;ne=[4096, 4096, 1, 1];nb=[144, 2304, 9437184, 9437184]	src1='kqv_out-2':type=f32;ne=[4096, 1, 1, 1];nb=[4, 16384, 16384, 16384]
[SYCL][OP] call ggml_sycl_op_mul_mat/quantize_row_q8_1_sycl: dst='node_151':type=f32;ne=[4096, 1, 1, 1];nb=[4, 16384, 16384, 16384]	src0='blk.2.attn_output.weight':type=q4_K;ne=[4096, 4096, 1, 1];nb=[144, 2304, 9437184, 9437184]	src1='kqv_out-2':type=f32;ne=[4096, 1, 1, 1];nb=[4, 16384, 16384, 16384] : converting src1 to Q8_1
[SYCL][OP] call ggml_sycl_mul_mat_id: dst='ffn_moe_gate-2':type=f32;ne=[960, 2, 1, 1];nb=[4, 3840, 7680, 7680]	src0='blk.2.ffn_gate_exps.weight':type=q4_K;ne=[4096, 960, 16, 1];nb=[144, 2304, 2211840, 35389440]	src1='ffn_norm-2 (reshaped)':type=f32;ne=[4096, 1, 1, 1];nb=[4, 16384, 16384, 16384]	src2='ffn_moe_topk-2':type=i32;ne=[2, 1, 1, 1];nb=[4, 64, 64, 64]
[SYCL][OP] call ggml_sycl_mul_mat_id done
[SYCL][OP] call ggml_sycl_mul_mat_id: dst='ffn_moe_up-2':type=f32;ne=[960, 2, 1, 1];nb=[4, 3840, 7680, 7680]	src0='blk.2.ffn_up_exps.weight':type=q4_K;ne=[4096, 960, 16, 1];nb=[144, 2304, 2211840, 35389440]	src1='ffn_norm-2 (reshaped)':type=f32;ne=[4096, 1, 1, 1];nb=[4, 16384, 16384, 16384]	src2='ffn_moe_topk-2':type=i32;ne=[2, 1, 1, 1];nb=[4, 64, 64, 64]
[SYCL][OP] call ggml_sycl_mul_mat_id done
[SYCL][OP] call ggml_sycl_mul_mat_id: dst='ffn_moe_down-2':type=f32;ne=[4096, 2, 1, 1];nb=[4, 16384, 32768, 32768]	src0='blk.2.ffn_down_exps.weight':type=q8_0;ne=[960, 4096, 16, 1];nb=[34, 1020, 4177920, 66846720]	src1='ffn_moe_swiglu-2':type=f32;ne=[960, 2, 1, 1];nb=[4, 3840, 7680, 7680]	src2='ffn_moe_topk-2':type=i32;ne=[2, 1, 1, 1];nb=[4, 64, 64, 64]
[SYCL][OP] call ggml_sycl_mul_mat_id done
[SYCL][OP] call ggml_sycl_mul_mat: dst='Qcur-3':type=f32;ne=[4096, 1, 1, 1];nb=[4, 16384, 16384, 16384]	src0='blk.3.attn_q.weight':type=q4_K;ne=[4096, 4096, 1, 1];nb=[144, 2304, 9437184, 9437184]	src1='attn_norm-3':type=f32;ne=[4096, 1, 1, 1];nb=[4, 16384, 16384, 16384]
[SYCL][OP] call ggml_sycl_op_mul_mat/quantize_row_q8_1_sycl: dst='Qcur-3':type=f32;ne=[4096, 1, 1, 1];nb=[4, 16384, 16384, 16384]	src0='blk.3.attn_q.weight':type=q4_K;ne=[4096, 4096, 1, 1];nb=[144, 2304, 9437184, 9437184]	src1='attn_norm-3':type=f32;ne=[4096, 1, 1, 1];nb=[4, 16384, 16384, 16384] : converting src1 to Q8_1
[SYCL][OP] call ggml_sycl_mul_mat: dst='Kcur-3':type=f32;ne=[1024, 1, 1, 1];nb=[4, 4096, 4096, 4096]	src0='blk.3.attn_k.weight':type=q4_K;ne=[4096, 1024, 1, 1];nb=[144, 2304, 2359296, 2359296]	src1='attn_norm-3':type=f32;ne=[4096, 1, 1, 1];nb=[4, 16384, 16384, 16384]
[SYCL][OP] call ggml_sycl_op_mul_mat/quantize_row_q8_1_sycl: dst='Kcur-3':type=f32;ne=[1024, 1, 1, 1];nb=[4, 4096, 4096, 4096]	src0='blk.3.attn_k.weight':type=q4_K;ne=[4096, 1024, 1, 1];nb=[144, 2304, 2359296, 2359296]	src1='attn_norm-3':type=f32;ne=[4096, 1, 1, 1];nb=[4, 16384, 16384, 16384] : converting src1 to Q8_1
[SYCL][OP] call ggml_sycl_mul_mat: dst='node_210':type=f32;ne=[4096, 1, 1, 1];nb=[4, 16384, 16384, 16384]	src0='blk.3.attn_output.weight':type=q4_K;ne=[4096, 4096, 1, 1];nb=[144, 2304, 9437184, 9437184]	src1='kqv_out-3':type=f32;ne=[4096, 1, 1, 1];nb=[4, 16384, 16384, 16384]
[SYCL][OP] call ggml_sycl_op_mul_mat/quantize_row_q8_1_sycl: dst='node_210':type=f32;ne=[4096, 1, 1, 1];nb=[4, 16384, 16384, 16384]	src0='blk.3.attn_output.weight':type=q4_K;ne=[4096, 4096, 1, 1];nb=[144, 2304, 9437184, 9437184]	src1='kqv_out-3':type=f32;ne=[4096, 1, 1, 1];nb=[4, 16384, 16384, 16384] : converting src1 to Q8_1
[SYCL][OP] call ggml_sycl_mul_mat_id: dst='ffn_moe_gate-3':type=f32;ne=[960, 2, 1, 1];nb=[4, 3840, 7680, 7680]	src0='blk.3.ffn_gate_exps.weight':type=q4_K;ne=[4096, 960, 16, 1];nb=[144, 2304, 2211840, 35389440]	src1='ffn_norm-3 (reshaped)':type=f32;ne=[4096, 1, 1, 1];nb=[4, 16384, 16384, 16384]	src2='ffn_moe_topk-3':type=i32;ne=[2, 1, 1, 1];nb=[4, 64, 64, 64]
[SYCL][OP] call ggml_sycl_mul_mat_id done
[SYCL][OP] call ggml_sycl_mul_mat_id: dst='ffn_moe_up-3':type=f32;ne=[960, 2, 1, 1];nb=[4, 3840, 7680, 7680]	src0='blk.3.ffn_up_exps.weight':type=q4_K;ne=[4096, 960, 16, 1];nb=[144, 2304, 2211840, 35389440]	src1='ffn_norm-3 (reshaped)':type=f32;ne=[4096, 1, 1, 1];nb=[4, 16384, 16384, 16384]	src2='ffn_moe_topk-3':type=i32;ne=[2, 1, 1, 1];nb=[4, 64, 64, 64]
[SYCL][OP] call ggml_sycl_mul_mat_id done
[SYCL][OP] call ggml_sycl_mul_mat_id: dst='ffn_moe_down-3':type=f32;ne=[4096, 2, 1, 1];nb=[4, 16384, 32768, 32768]	src0='blk.3.ffn_down_exps.weight':type=q8_0;ne=[960, 4096, 16, 1];nb=[34, 1020, 4177920, 66846720]	src1='ffn_moe_swiglu-3':type=f32;ne=[960, 2, 1, 1];nb=[4, 3840, 7680, 7680]	src2='ffn_moe_topk-3':type=i32;ne=[2, 1, 1, 1];nb=[4, 64, 64, 64]
[SYCL][OP] call ggml_sycl_mul_mat_id done
[SYCL][OP] call ggml_sycl_mul_mat: dst='Qcur-4':type=f32;ne=[4096, 1, 1, 1];nb=[4, 16384, 16384, 16384]	src0='blk.4.attn_q.weight':type=q4_K;ne=[4096, 4096, 1, 1];nb=[144, 2304, 9437184, 9437184]	src1='attn_norm-4':type=f32;ne=[4096, 1, 1, 1];nb=[4, 16384, 16384, 16384]
[SYCL][OP] call ggml_sycl_op_mul_mat/quantize_row_q8_1_sycl: dst='Qcur-4':type=f32;ne=[4096, 1, 1, 1];nb=[4, 16384, 16384, 16384]	src0='blk.4.attn_q.weight':type=q4_K;ne=[4096, 4096, 1, 1];nb=[144, 2304, 9437184, 9437184]	src1='attn_norm-4':type=f32;ne=[4096, 1, 1, 1];nb=[4, 16384, 16384, 16384] : converting src1 to Q8_1
[SYCL][OP] call ggml_sycl_mul_mat: dst='Vcur-4':type=f32;ne=[1024, 1, 1, 1];nb=[4, 4096, 4096, 4096]	src0='blk.4.attn_v.weight':type=q4_K;ne=[4096, 1024, 1, 1];nb=[144, 2304, 2359296, 2359296]	src1='attn_norm-4':type=f32;ne=[4096, 1, 1, 1];nb=[4, 16384, 16384, 16384]
[SYCL][OP] call ggml_sycl_op_mul_mat/quantize_row_q8_1_sycl: dst='Vcur-4':type=f32;ne=[1024, 1, 1, 1];nb=[4, 4096, 4096, 4096]	src0='blk.4.attn_v.weight':type=q4_K;ne=[4096, 1024, 1, 1];nb=[144, 2304, 2359296, 2359296]	src1='attn_norm-4':type=f32;ne=[4096, 1, 1, 1];nb=[4, 16384, 16384, 16384] : converting src1 to Q8_1
[SYCL][OP] call ggml_sycl_mul_mat: dst='Kcur-4':type=f32;ne=[1024, 1, 1, 1];nb=[4, 4096, 4096, 4096]	src0='blk.4.attn_k.weight':type=q4_K;ne=[4096, 1024, 1, 1];nb=[144, 2304, 2359296, 2359296]	src1='attn_norm-4':type=f32;ne=[4096, 1, 1, 1];nb=[4, 16384, 16384, 16384]
[SYCL][OP] call ggml_sycl_op_mul_mat/quantize_row_q8_1_sycl: dst='Kcur-4':type=f32;ne=[1024, 1, 1, 1];nb=[4, 4096, 4096, 4096]	src0='blk.4.attn_k.weight':type=q4_K;ne=[4096, 1024, 1, 1];nb=[144, 2304, 2359296, 2359296]	src1='attn_norm-4':type=f32;ne=[4096, 1, 1, 1];nb=[4, 16384, 16384, 16384] : converting src1 to Q8_1
[SYCL][OP] call ggml_sycl_mul_mat: dst='node_269':type=f32;ne=[4096, 1, 1, 1];nb=[4, 16384, 16384, 16384]	src0='blk.4.attn_output.weight':type=q4_K;ne=[4096, 4096, 1, 1];nb=[144, 2304, 9437184, 9437184]	src1='kqv_out-4':type=f32;ne=[4096, 1, 1, 1];nb=[4, 16384, 16384, 16384]
[SYCL][OP] call ggml_sycl_op_mul_mat/quantize_row_q8_1_sycl: dst='node_269':type=f32;ne=[4096, 1, 1, 1];nb=[4, 16384, 16384, 16384]	src0='blk.4.attn_output.weight':type=q4_K;ne=[4096, 4096, 1, 1];nb=[144, 2304, 9437184, 9437184]	src1='kqv_out-4':type=f32;ne=[4096, 1, 1, 1];nb=[4, 16384, 16384, 16384] : converting src1 to Q8_1
[SYCL][OP] call ggml_sycl_mul_mat_id: dst='ffn_moe_gate-4':type=f32;ne=[960, 2, 1, 1];nb=[4, 3840, 7680, 7680]	src0='blk.4.ffn_gate_exps.weight':type=q4_K;ne=[4096, 960, 16, 1];nb=[144, 2304, 2211840, 35389440]	src1='ffn_norm-4 (reshaped)':type=f32;ne=[4096, 1, 1, 1];nb=[4, 16384, 16384, 16384]	src2='ffn_moe_topk-4':type=i32;ne=[2, 1, 1, 1];nb=[4, 64, 64, 64]
[SYCL][OP] call ggml_sycl_mul_mat_id done
[SYCL][OP] call ggml_sycl_mul_mat_id: dst='ffn_moe_up-4':type=f32;ne=[960, 2, 1, 1];nb=[4, 3840, 7680, 7680]	src0='blk.4.ffn_up_exps.weight':type=q4_K;ne=[4096, 960, 16, 1];nb=[144, 2304, 2211840, 35389440]	src1='ffn_norm-4 (reshaped)':type=f32;ne=[4096, 1, 1, 1];nb=[4, 16384, 16384, 16384]	src2='ffn_moe_topk-4':type=i32;ne=[2, 1, 1, 1];nb=[4, 64, 64, 64]
[SYCL][OP] call ggml_sycl_mul_mat_id done
[SYCL][OP] call ggml_sycl_mul_mat_id: dst='ffn_moe_down-4':type=f32;ne=[4096, 2, 1, 1];nb=[4, 16384, 32768, 32768]	src0='blk.4.ffn_down_exps.weight':type=q5_0;ne=[960, 4096, 16, 1];nb=[22, 660, 2703360, 43253760]	src1='ffn_moe_swiglu-4':type=f32;ne=[960, 2, 1, 1];nb=[4, 3840, 7680, 7680]	src2='ffn_moe_topk-4':type=i32;ne=[2, 1, 1, 1];nb=[4, 64, 64, 64]
[SYCL][OP] call ggml_sycl_mul_mat_id done
[SYCL][OP] call ggml_sycl_mul_mat: dst='Qcur-5':type=f32;ne=[4096, 1, 1, 1];nb=[4, 16384, 16384, 16384]	src0='blk.5.attn_q.weight':type=q4_K;ne=[4096, 4096, 1, 1];nb=[144, 2304, 9437184, 9437184]	src1='attn_norm-5':type=f32;ne=[4096, 1, 1, 1];nb=[4, 16384, 16384, 16384]
[SYCL][OP] call ggml_sycl_op_mul_mat/quantize_row_q8_1_sycl: dst='Qcur-5':type=f32;ne=[4096, 1, 1, 1];nb=[4, 16384, 16384, 16384]	src0='blk.5.attn_q.weight':type=q4_K;ne=[4096, 4096, 1, 1];nb=[144, 2304, 9437184, 9437184]	src1='attn_norm-5':type=f32;ne=[4096, 1, 1, 1];nb=[4, 16384, 16384, 16384] : converting src1 to Q8_1
[SYCL][OP] call ggml_sycl_mul_mat: dst='Vcur-5':type=f32;ne=[1024, 1, 1, 1];nb=[4, 4096, 4096, 4096]	src0='blk.5.attn_v.weight':type=q4_K;ne=[4096, 1024, 1, 1];nb=[144, 2304, 2359296, 2359296]	src1='attn_norm-5':type=f32;ne=[4096, 1, 1, 1];nb=[4, 16384, 16384, 16384]
[SYCL][OP] call ggml_sycl_op_mul_mat/quantize_row_q8_1_sycl: dst='Vcur-5':type=f32;ne=[1024, 1, 1, 1];nb=[4, 4096, 4096, 4096]	src0='blk.5.attn_v.weight':type=q4_K;ne=[4096, 1024, 1, 1];nb=[144, 2304, 2359296, 2359296]	src1='attn_norm-5':type=f32;ne=[4096, 1, 1, 1];nb=[4, 16384, 16384, 16384] : converting src1 to Q8_1
[SYCL][OP] call ggml_sycl_mul_mat: dst='Kcur-5':type=f32;ne=[1024, 1, 1, 1];nb=[4, 4096, 4096, 4096]	src0='blk.5.attn_k.weight':type=q4_K;ne=[4096, 1024, 1, 1];nb=[144, 2304, 2359296, 2359296]	src1='attn_norm-5':type=f32;ne=[4096, 1, 1, 1];nb=[4, 16384, 16384, 16384]
[SYCL][OP] call ggml_sycl_op_mul_mat/quantize_row_q8_1_sycl: dst='Kcur-5':type=f32;ne=[1024, 1, 1, 1];nb=[4, 4096, 4096, 4096]	src0='blk.5.attn_k.weight':type=q4_K;ne=[4096, 1024, 1, 1];nb=[144, 2304, 2359296, 2359296]	src1='attn_norm-5':type=f32;ne=[4096, 1, 1, 1];nb=[4, 16384, 16384, 16384] : converting src1 to Q8_1
[SYCL][OP] call ggml_sycl_mul_mat: dst='node_328':type=f32;ne=[4096, 1, 1, 1];nb=[4, 16384, 16384, 16384]	src0='blk.5.attn_output.weight':type=q4_K;ne=[4096, 4096, 1, 1];nb=[144, 2304, 9437184, 9437184]	src1='kqv_out-5':type=f32;ne=[4096, 1, 1, 1];nb=[4, 16384, 16384, 16384]
[SYCL][OP] call ggml_sycl_op_mul_mat/quantize_row_q8_1_sycl: dst='node_328':type=f32;ne=[4096, 1, 1, 1];nb=[4, 16384, 16384, 16384]	src0='blk.5.attn_output.weight':type=q4_K;ne=[4096, 4096, 1, 1];nb=[144, 2304, 9437184, 9437184]	src1='kqv_out-5':type=f32;ne=[4096, 1, 1, 1];nb=[4, 16384, 16384, 16384] : converting src1 to Q8_1
[SYCL][OP] call ggml_sycl_mul_mat_id: dst='ffn_moe_gate-5':type=f32;ne=[960, 2, 1, 1];nb=[4, 3840, 7680, 7680]	src0='blk.5.ffn_gate_exps.weight':type=q4_K;ne=[4096, 960, 16, 1];nb=[144, 2304, 2211840, 35389440]	src1='ffn_norm-5 (reshaped)':type=f32;ne=[4096, 1, 1, 1];nb=[4, 16384, 16384, 16384]	src2='ffn_moe_topk-5':type=i32;ne=[2, 1, 1, 1];nb=[4, 64, 64, 64]
[SYCL][OP] call ggml_sycl_mul_mat_id done
[SYCL][OP] call ggml_sycl_mul_mat_id: dst='ffn_moe_up-5':type=f32;ne=[960, 2, 1, 1];nb=[4, 3840, 7680, 7680]	src0='blk.5.ffn_up_exps.weight':type=q4_K;ne=[4096, 960, 16, 1];nb=[144, 2304, 2211840, 35389440]	src1='ffn_norm-5 (reshaped)':type=f32;ne=[4096, 1, 1, 1];nb=[4, 16384, 16384, 16384]	src2='ffn_moe_topk-5':type=i32;ne=[2, 1, 1, 1];nb=[4, 64, 64, 64]
[SYCL][OP] call ggml_sycl_mul_mat_id done
[SYCL][OP] call ggml_sycl_mul_mat_id: dst='ffn_moe_down-5':type=f32;ne=[4096, 2, 1, 1];nb=[4, 16384, 32768, 32768]	src0='blk.5.ffn_down_exps.weight':type=q5_0;ne=[960, 4096, 16, 1];nb=[22, 660, 2703360, 43253760]	src1='ffn_moe_swiglu-5':type=f32;ne=[960, 2, 1, 1];nb=[4, 3840, 7680, 7680]	src2='ffn_moe_topk-5':type=i32;ne=[2, 1, 1, 1];nb=[4, 64, 64, 64]
[SYCL][OP] call ggml_sycl_mul_mat_id done
[SYCL][OP] call ggml_sycl_mul_mat: dst='Qcur-6':type=f32;ne=[4096, 1, 1, 1];nb=[4, 16384, 16384, 16384]	src0='blk.6.attn_q.weight':type=q4_K;ne=[4096, 4096, 1, 1];nb=[144, 2304, 9437184, 9437184]	src1='attn_norm-6':type=f32;ne=[4096, 1, 1, 1];nb=[4, 16384, 16384, 16384]
[SYCL][OP] call ggml_sycl_op_mul_mat/quantize_row_q8_1_sycl: dst='Qcur-6':type=f32;ne=[4096, 1, 1, 1];nb=[4, 16384, 16384, 16384]	src0='blk.6.attn_q.weight':type=q4_K;ne=[4096, 4096, 1, 1];nb=[144, 2304, 9437184, 9437184]	src1='attn_norm-6':type=f32;ne=[4096, 1, 1, 1];nb=[4, 16384, 16384, 16384] : converting src1 to Q8_1
[SYCL][OP] call ggml_sycl_mul_mat: dst='Kcur-6':type=f32;ne=[1024, 1, 1, 1];nb=[4, 4096, 4096, 4096]	src0='blk.6.attn_k.weight':type=q4_K;ne=[4096, 1024, 1, 1];nb=[144, 2304, 2359296, 2359296]	src1='attn_norm-6':type=f32;ne=[4096, 1, 1, 1];nb=[4, 16384, 16384, 16384]
[SYCL][OP] call ggml_sycl_op_mul_mat/quantize_row_q8_1_sycl: dst='Kcur-6':type=f32;ne=[1024, 1, 1, 1];nb=[4, 4096, 4096, 4096]	src0='blk.6.attn_k.weight':type=q4_K;ne=[4096, 1024, 1, 1];nb=[144, 2304, 2359296, 2359296]	src1='attn_norm-6':type=f32;ne=[4096, 1, 1, 1];nb=[4, 16384, 16384, 16384] : converting src1 to Q8_1
[SYCL][OP] call ggml_sycl_mul_mat: dst='node_387':type=f32;ne=[4096, 1, 1, 1];nb=[4, 16384, 16384, 16384]	src0='blk.6.attn_output.weight':type=q4_K;ne=[4096, 4096, 1, 1];nb=[144, 2304, 9437184, 9437184]	src1='kqv_out-6':type=f32;ne=[4096, 1, 1, 1];nb=[4, 16384, 16384, 16384]
[SYCL][OP] call ggml_sycl_op_mul_mat/quantize_row_q8_1_sycl: dst='node_387':type=f32;ne=[4096, 1, 1, 1];nb=[4, 16384, 16384, 16384]	src0='blk.6.attn_output.weight':type=q4_K;ne=[4096, 4096, 1, 1];nb=[144, 2304, 9437184, 9437184]	src1='kqv_out-6':type=f32;ne=[4096, 1, 1, 1];nb=[4, 16384, 16384, 16384] : converting src1 to Q8_1
[SYCL][OP] call ggml_sycl_mul_mat_id: dst='ffn_moe_gate-6':type=f32;ne=[960, 2, 1, 1];nb=[4, 3840, 7680, 7680]	src0='blk.6.ffn_gate_exps.weight':type=q4_K;ne=[4096, 960, 16, 1];nb=[144, 2304, 2211840, 35389440]	src1='ffn_norm-6 (reshaped)':type=f32;ne=[4096, 1, 1, 1];nb=[4, 16384, 16384, 16384]	src2='ffn_moe_topk-6':type=i32;ne=[2, 1, 1, 1];nb=[4, 64, 64, 64]
[SYCL][OP] call ggml_sycl_mul_mat_id done
[SYCL][OP] call ggml_sycl_mul_mat_id: dst='ffn_moe_up-6':type=f32;ne=[960, 2, 1, 1];nb=[4, 3840, 7680, 7680]	src0='blk.6.ffn_up_exps.weight':type=q4_K;ne=[4096, 960, 16, 1];nb=[144, 2304, 2211840, 35389440]	src1='ffn_norm-6 (reshaped)':type=f32;ne=[4096, 1, 1, 1];nb=[4, 16384, 16384, 16384]	src2='ffn_moe_topk-6':type=i32;ne=[2, 1, 1, 1];nb=[4, 64, 64, 64]
[SYCL][OP] call ggml_sycl_mul_mat_id done
[SYCL][OP] call ggml_sycl_mul_mat_id: dst='ffn_moe_down-6':type=f32;ne=[4096, 2, 1, 1];nb=[4, 16384, 32768, 32768]	src0='blk.6.ffn_down_exps.weight':type=q8_0;ne=[960, 4096, 16, 1];nb=[34, 1020, 4177920, 66846720]	src1='ffn_moe_swiglu-6':type=f32;ne=[960, 2, 1, 1];nb=[4, 3840, 7680, 7680]	src2='ffn_moe_topk-6':type=i32;ne=[2, 1, 1, 1];nb=[4, 64, 64, 64]
[SYCL][OP] call ggml_sycl_mul_mat_id done
[SYCL][OP] call ggml_sycl_mul_mat: dst='Qcur-7':type=f32;ne=[4096, 1, 1, 1];nb=[4, 16384, 16384, 16384]	src0='blk.7.attn_q.weight':type=q4_K;ne=[4096, 4096, 1, 1];nb=[144, 2304, 9437184, 9437184]	src1='attn_norm-7':type=f32;ne=[4096, 1, 1, 1];nb=[4, 16384, 16384, 16384]
[SYCL][OP] call ggml_sycl_op_mul_mat/quantize_row_q8_1_sycl: dst='Qcur-7':type=f32;ne=[4096, 1, 1, 1];nb=[4, 16384, 16384, 16384]	src0='blk.7.attn_q.weight':type=q4_K;ne=[4096, 4096, 1, 1];nb=[144, 2304, 9437184, 9437184]	src1='attn_norm-7':type=f32;ne=[4096, 1, 1, 1];nb=[4, 16384, 16384, 16384] : converting src1 to Q8_1
[SYCL][OP] call ggml_sycl_mul_mat: dst='Vcur-7':type=f32;ne=[1024, 1, 1, 1];nb=[4, 4096, 4096, 4096]	src0='blk.7.attn_v.weight':type=q4_K;ne=[4096, 1024, 1, 1];nb=[144, 2304, 2359296, 2359296]	src1='attn_norm-7':type=f32;ne=[4096, 1, 1, 1];nb=[4, 16384, 16384, 16384]
[SYCL][OP] call ggml_sycl_op_mul_mat/quantize_row_q8_1_sycl: dst='Vcur-7':type=f32;ne=[1024, 1, 1, 1];nb=[4, 4096, 4096, 4096]	src0='blk.7.attn_v.weight':type=q4_K;ne=[4096, 1024, 1, 1];nb=[144, 2304, 2359296, 2359296]	src1='attn_norm-7':type=f32;ne=[4096, 1, 1, 1];nb=[4, 16384, 16384, 16384] : converting src1 to Q8_1
[SYCL][OP] call ggml_sycl_mul_mat: dst='Kcur-7':type=f32;ne=[1024, 1, 1, 1];nb=[4, 4096, 4096, 4096]	src0='blk.7.attn_k.weight':type=q4_K;ne=[4096, 1024, 1, 1];nb=[144, 2304, 2359296, 2359296]	src1='attn_norm-7':type=f32;ne=[4096, 1, 1, 1];nb=[4, 16384, 16384, 16384]
[SYCL][OP] call ggml_sycl_op_mul_mat/quantize_row_q8_1_sycl: dst='Kcur-7':type=f32;ne=[1024, 1, 1, 1];nb=[4, 4096, 4096, 4096]	src0='blk.7.attn_k.weight':type=q4_K;ne=[4096, 1024, 1, 1];nb=[144, 2304, 2359296, 2359296]	src1='attn_norm-7':type=f32;ne=[4096, 1, 1, 1];nb=[4, 16384, 16384, 16384] : converting src1 to Q8_1
[SYCL][OP] call ggml_sycl_mul_mat: dst='node_446':type=f32;ne=[4096, 1, 1, 1];nb=[4, 16384, 16384, 16384]	src0='blk.7.attn_output.weight':type=q4_K;ne=[4096, 4096, 1, 1];nb=[144, 2304, 9437184, 9437184]	src1='kqv_out-7':type=f32;ne=[4096, 1, 1, 1];nb=[4, 16384, 16384, 16384]
[SYCL][OP] call ggml_sycl_op_mul_mat/quantize_row_q8_1_sycl: dst='node_446':type=f32;ne=[4096, 1, 1, 1];nb=[4, 16384, 16384, 16384]	src0='blk.7.attn_output.weight':type=q4_K;ne=[4096, 4096, 1, 1];nb=[144, 2304, 9437184, 9437184]	src1='kqv_out-7':type=f32;ne=[4096, 1, 1, 1];nb=[4, 16384, 16384, 16384] : converting src1 to Q8_1
[SYCL][OP] call ggml_sycl_mul_mat_id: dst='ffn_moe_gate-7':type=f32;ne=[960, 2, 1, 1];nb=[4, 3840, 7680, 7680]	src0='blk.7.ffn_gate_exps.weight':type=q4_K;ne=[4096, 960, 16, 1];nb=[144, 2304, 2211840, 35389440]	src1='ffn_norm-7 (reshaped)':type=f32;ne=[4096, 1, 1, 1];nb=[4, 16384, 16384, 16384]	src2='ffn_moe_topk-7':type=i32;ne=[2, 1, 1, 1];nb=[4, 64, 64, 64]
[SYCL][OP] call ggml_sycl_mul_mat_id done
[SYCL][OP] call ggml_sycl_mul_mat_id: dst='ffn_moe_up-7':type=f32;ne=[960, 2, 1, 1];nb=[4, 3840, 7680, 7680]	src0='blk.7.ffn_up_exps.weight':type=q4_K;ne=[4096, 960, 16, 1];nb=[144, 2304, 2211840, 35389440]	src1='ffn_norm-7 (reshaped)':type=f32;ne=[4096, 1, 1, 1];nb=[4, 16384, 16384, 16384]	src2='ffn_moe_topk-7':type=i32;ne=[2, 1, 1, 1];nb=[4, 64, 64, 64]
[SYCL][OP] call ggml_sycl_mul_mat_id done
[SYCL][OP] call ggml_sycl_mul_mat_id: dst='ffn_moe_down-7':type=f32;ne=[4096, 2, 1, 1];nb=[4, 16384, 32768, 32768]	src0='blk.7.ffn_down_exps.weight':type=q5_0;ne=[960, 4096, 16, 1];nb=[22, 660, 2703360, 43253760]	src1='ffn_moe_swiglu-7':type=f32;ne=[960, 2, 1, 1];nb=[4, 3840, 7680, 7680]	src2='ffn_moe_topk-7':type=i32;ne=[2, 1, 1, 1];nb=[4, 64, 64, 64]
[SYCL][OP] call ggml_sycl_mul_mat_id done
[SYCL][OP] call ggml_sycl_mul_mat: dst='Qcur-8':type=f32;ne=[4096, 1, 1, 1];nb=[4, 16384, 16384, 16384]	src0='blk.8.attn_q.weight':type=q4_K;ne=[4096, 4096, 1, 1];nb=[144, 2304, 9437184, 9437184]	src1='attn_norm-8':type=f32;ne=[4096, 1, 1, 1];nb=[4, 16384, 16384, 16384]
[SYCL][OP] call ggml_sycl_op_mul_mat/quantize_row_q8_1_sycl: dst='Qcur-8':type=f32;ne=[4096, 1, 1, 1];nb=[4, 16384, 16384, 16384]	src0='blk.8.attn_q.weight':type=q4_K;ne=[4096, 4096, 1, 1];nb=[144, 2304, 9437184, 9437184]	src1='attn_norm-8':type=f32;ne=[4096, 1, 1, 1];nb=[4, 16384, 16384, 16384] : converting src1 to Q8_1
[SYCL][OP] call ggml_sycl_mul_mat: dst='Vcur-8':type=f32;ne=[1024, 1, 1, 1];nb=[4, 4096, 4096, 4096]	src0='blk.8.attn_v.weight':type=q4_K;ne=[4096, 1024, 1, 1];nb=[144, 2304, 2359296, 2359296]	src1='attn_norm-8':type=f32;ne=[4096, 1, 1, 1];nb=[4, 16384, 16384, 16384]
[SYCL][OP] call ggml_sycl_op_mul_mat/quantize_row_q8_1_sycl: dst='Vcur-8':type=f32;ne=[1024, 1, 1, 1];nb=[4, 4096, 4096, 4096]	src0='blk.8.attn_v.weight':type=q4_K;ne=[4096, 1024, 1, 1];nb=[144, 2304, 2359296, 2359296]	src1='attn_norm-8':type=f32;ne=[4096, 1, 1, 1];nb=[4, 16384, 16384, 16384] : converting src1 to Q8_1
[SYCL][OP] call ggml_sycl_mul_mat: dst='Kcur-8':type=f32;ne=[1024, 1, 1, 1];nb=[4, 4096, 4096, 4096]	src0='blk.8.attn_k.weight':type=q4_K;ne=[4096, 1024, 1, 1];nb=[144, 2304, 2359296, 2359296]	src1='attn_norm-8':type=f32;ne=[4096, 1, 1, 1];nb=[4, 16384, 16384, 16384]
[SYCL][OP] call ggml_sycl_op_mul_mat/quantize_row_q8_1_sycl: dst='Kcur-8':type=f32;ne=[1024, 1, 1, 1];nb=[4, 4096, 4096, 4096]	src0='blk.8.attn_k.weight':type=q4_K;ne=[4096, 1024, 1, 1];nb=[144, 2304, 2359296, 2359296]	src1='attn_norm-8':type=f32;ne=[4096, 1, 1, 1];nb=[4, 16384, 16384, 16384] : converting src1 to Q8_1
[SYCL][OP] call ggml_sycl_mul_mat: dst='node_505':type=f32;ne=[4096, 1, 1, 1];nb=[4, 16384, 16384, 16384]	src0='blk.8.attn_output.weight':type=q4_K;ne=[4096, 4096, 1, 1];nb=[144, 2304, 9437184, 9437184]	src1='kqv_out-8':type=f32;ne=[4096, 1, 1, 1];nb=[4, 16384, 16384, 16384]
[SYCL][OP] call ggml_sycl_op_mul_mat/quantize_row_q8_1_sycl: dst='node_505':type=f32;ne=[4096, 1, 1, 1];nb=[4, 16384, 16384, 16384]	src0='blk.8.attn_output.weight':type=q4_K;ne=[4096, 4096, 1, 1];nb=[144, 2304, 9437184, 9437184]	src1='kqv_out-8':type=f32;ne=[4096, 1, 1, 1];nb=[4, 16384, 16384, 16384] : converting src1 to Q8_1
[SYCL][OP] call ggml_sycl_mul_mat_id: dst='ffn_moe_gate-8':type=f32;ne=[960, 2, 1, 1];nb=[4, 3840, 7680, 7680]	src0='blk.8.ffn_gate_exps.weight':type=q4_K;ne=[4096, 960, 16, 1];nb=[144, 2304, 2211840, 35389440]	src1='ffn_norm-8 (reshaped)':type=f32;ne=[4096, 1, 1, 1];nb=[4, 16384, 16384, 16384]	src2='ffn_moe_topk-8':type=i32;ne=[2, 1, 1, 1];nb=[4, 64, 64, 64]
[SYCL][OP] call ggml_sycl_mul_mat_id done
[SYCL][OP] call ggml_sycl_mul_mat_id: dst='ffn_moe_up-8':type=f32;ne=[960, 2, 1, 1];nb=[4, 3840, 7680, 7680]	src0='blk.8.ffn_up_exps.weight':type=q4_K;ne=[4096, 960, 16, 1];nb=[144, 2304, 2211840, 35389440]	src1='ffn_norm-8 (reshaped)':type=f32;ne=[4096, 1, 1, 1];nb=[4, 16384, 16384, 16384]	src2='ffn_moe_topk-8':type=i32;ne=[2, 1, 1, 1];nb=[4, 64, 64, 64]
[SYCL][OP] call ggml_sycl_mul_mat_id done
[SYCL][OP] call ggml_sycl_mul_mat_id: dst='ffn_moe_down-8':type=f32;ne=[4096, 2, 1, 1];nb=[4, 16384, 32768, 32768]	src0='blk.8.ffn_down_exps.weight':type=q5_0;ne=[960, 4096, 16, 1];nb=[22, 660, 2703360, 43253760]	src1='ffn_moe_swiglu-8':type=f32;ne=[960, 2, 1, 1];nb=[4, 3840, 7680, 7680]	src2='ffn_moe_topk-8':type=i32;ne=[2, 1, 1, 1];nb=[4, 64, 64, 64]
[SYCL][OP] call ggml_sycl_mul_mat_id done
[SYCL][OP] call ggml_sycl_mul_mat: dst='Qcur-9':type=f32;ne=[4096, 1, 1, 1];nb=[4, 16384, 16384, 16384]	src0='blk.9.attn_q.weight':type=q4_K;ne=[4096, 4096, 1, 1];nb=[144, 2304, 9437184, 9437184]	src1='attn_norm-9':type=f32;ne=[4096, 1, 1, 1];nb=[4, 16384, 16384, 16384]
[SYCL][OP] call ggml_sycl_op_mul_mat/quantize_row_q8_1_sycl: dst='Qcur-9':type=f32;ne=[4096, 1, 1, 1];nb=[4, 16384, 16384, 16384]	src0='blk.9.attn_q.weight':type=q4_K;ne=[4096, 4096, 1, 1];nb=[144, 2304, 9437184, 9437184]	src1='attn_norm-9':type=f32;ne=[4096, 1, 1, 1];nb=[4, 16384, 16384, 16384] : converting src1 to Q8_1
[SYCL][OP] call ggml_sycl_mul_mat: dst='Kcur-9':type=f32;ne=[1024, 1, 1, 1];nb=[4, 4096, 4096, 4096]	src0='blk.9.attn_k.weight':type=q4_K;ne=[4096, 1024, 1, 1];nb=[144, 2304, 2359296, 2359296]	src1='attn_norm-9':type=f32;ne=[4096, 1, 1, 1];nb=[4, 16384, 16384, 16384]
[SYCL][OP] call ggml_sycl_op_mul_mat/quantize_row_q8_1_sycl: dst='Kcur-9':type=f32;ne=[1024, 1, 1, 1];nb=[4, 4096, 4096, 4096]	src0='blk.9.attn_k.weight':type=q4_K;ne=[4096, 1024, 1, 1];nb=[144, 2304, 2359296, 2359296]	src1='attn_norm-9':type=f32;ne=[4096, 1, 1, 1];nb=[4, 16384, 16384, 16384] : converting src1 to Q8_1
[SYCL][OP] call ggml_sycl_mul_mat: dst='node_564':type=f32;ne=[4096, 1, 1, 1];nb=[4, 16384, 16384, 16384]	src0='blk.9.attn_output.weight':type=q4_K;ne=[4096, 4096, 1, 1];nb=[144, 2304, 9437184, 9437184]	src1='kqv_out-9':type=f32;ne=[4096, 1, 1, 1];nb=[4, 16384, 16384, 16384]
[SYCL][OP] call ggml_sycl_op_mul_mat/quantize_row_q8_1_sycl: dst='node_564':type=f32;ne=[4096, 1, 1, 1];nb=[4, 16384, 16384, 16384]	src0='blk.9.attn_output.weight':type=q4_K;ne=[4096, 4096, 1, 1];nb=[144, 2304, 9437184, 9437184]	src1='kqv_out-9':type=f32;ne=[4096, 1, 1, 1];nb=[4, 16384, 16384, 16384] : converting src1 to Q8_1
[SYCL][OP] call ggml_sycl_mul_mat_id: dst='ffn_moe_gate-9':type=f32;ne=[960, 2, 1, 1];nb=[4, 3840, 7680, 7680]	src0='blk.9.ffn_gate_exps.weight':type=q4_K;ne=[4096, 960, 16, 1];nb=[144, 2304, 2211840, 35389440]	src1='ffn_norm-9 (reshaped)':type=f32;ne=[4096, 1, 1, 1];nb=[4, 16384, 16384, 16384]	src2='ffn_moe_topk-9':type=i32;ne=[2, 1, 1, 1];nb=[4, 64, 64, 64]
[SYCL][OP] call ggml_sycl_mul_mat_id done
[SYCL][OP] call ggml_sycl_mul_mat_id: dst='ffn_moe_up-9':type=f32;ne=[960, 2, 1, 1];nb=[4, 3840, 7680, 7680]	src0='blk.9.ffn_up_exps.weight':type=q4_K;ne=[4096, 960, 16, 1];nb=[144, 2304, 2211840, 35389440]	src1='ffn_norm-9 (reshaped)':type=f32;ne=[4096, 1, 1, 1];nb=[4, 16384, 16384, 16384]	src2='ffn_moe_topk-9':type=i32;ne=[2, 1, 1, 1];nb=[4, 64, 64, 64]
[SYCL][OP] call ggml_sycl_mul_mat_id done
[SYCL][OP] call ggml_sycl_mul_mat_id: dst='ffn_moe_down-9':type=f32;ne=[4096, 2, 1, 1];nb=[4, 16384, 32768, 32768]	src0='blk.9.ffn_down_exps.weight':type=q8_0;ne=[960, 4096, 16, 1];nb=[34, 1020, 4177920, 66846720]	src1='ffn_moe_swiglu-9':type=f32;ne=[960, 2, 1, 1];nb=[4, 3840, 7680, 7680]	src2='ffn_moe_topk-9':type=i32;ne=[2, 1, 1, 1];nb=[4, 64, 64, 64]
[SYCL][OP] call ggml_sycl_mul_mat_id done
[SYCL][OP] call ggml_sycl_mul_mat: dst='Qcur-10':type=f32;ne=[4096, 1, 1, 1];nb=[4, 16384, 16384, 16384]	src0='blk.10.attn_q.weight':type=q4_K;ne=[4096, 4096, 1, 1];nb=[144, 2304, 9437184, 9437184]	src1='attn_norm-10':type=f32;ne=[4096, 1, 1, 1];nb=[4, 16384, 16384, 16384]
[SYCL][OP] call ggml_sycl_op_mul_mat/quantize_row_q8_1_sycl: dst='Qcur-10':type=f32;ne=[4096, 1, 1, 1];nb=[4, 16384, 16384, 16384]	src0='blk.10.attn_q.weight':type=q4_K;ne=[4096, 4096, 1, 1];nb=[144, 2304, 9437184, 9437184]	src1='attn_norm-10':type=f32;ne=[4096, 1, 1, 1];nb=[4, 16384, 16384, 16384] : converting src1 to Q8_1
[SYCL][OP] call ggml_sycl_mul_mat: dst='Vcur-10':type=f32;ne=[1024, 1, 1, 1];nb=[4, 4096, 4096, 4096]	src0='blk.10.attn_v.weight':type=q4_K;ne=[4096, 1024, 1, 1];nb=[144, 2304, 2359296, 2359296]	src1='attn_norm-10':type=f32;ne=[4096, 1, 1, 1];nb=[4, 16384, 16384, 16384]
[SYCL][OP] call ggml_sycl_op_mul_mat/quantize_row_q8_1_sycl: dst='Vcur-10':type=f32;ne=[1024, 1, 1, 1];nb=[4, 4096, 4096, 4096]	src0='blk.10.attn_v.weight':type=q4_K;ne=[4096, 1024, 1, 1];nb=[144, 2304, 2359296, 2359296]	src1='attn_norm-10':type=f32;ne=[4096, 1, 1, 1];nb=[4, 16384, 16384, 16384] : converting src1 to Q8_1
[SYCL][OP] call ggml_sycl_mul_mat: dst='Kcur-10':type=f32;ne=[1024, 1, 1, 1];nb=[4, 4096, 4096, 4096]	src0='blk.10.attn_k.weight':type=q4_K;ne=[4096, 1024, 1, 1];nb=[144, 2304, 2359296, 2359296]	src1='attn_norm-10':type=f32;ne=[4096, 1, 1, 1];nb=[4, 16384, 16384, 16384]
[SYCL][OP] call ggml_sycl_op_mul_mat/quantize_row_q8_1_sycl: dst='Kcur-10':type=f32;ne=[1024, 1, 1, 1];nb=[4, 4096, 4096, 4096]	src0='blk.10.attn_k.weight':type=q4_K;ne=[4096, 1024, 1, 1];nb=[144, 2304, 2359296, 2359296]	src1='attn_norm-10':type=f32;ne=[4096, 1, 1, 1];nb=[4, 16384, 16384, 16384] : converting src1 to Q8_1
[SYCL][OP] call ggml_sycl_mul_mat: dst='node_623':type=f32;ne=[4096, 1, 1, 1];nb=[4, 16384, 16384, 16384]	src0='blk.10.attn_output.weight':type=q4_K;ne=[4096, 4096, 1, 1];nb=[144, 2304, 9437184, 9437184]	src1='kqv_out-10':type=f32;ne=[4096, 1, 1, 1];nb=[4, 16384, 16384, 16384]
[SYCL][OP] call ggml_sycl_op_mul_mat/quantize_row_q8_1_sycl: dst='node_623':type=f32;ne=[4096, 1, 1, 1];nb=[4, 16384, 16384, 16384]	src0='blk.10.attn_output.weight':type=q4_K;ne=[4096, 4096, 1, 1];nb=[144, 2304, 9437184, 9437184]	src1='kqv_out-10':type=f32;ne=[4096, 1, 1, 1];nb=[4, 16384, 16384, 16384] : converting src1 to Q8_1
[SYCL][OP] call ggml_sycl_mul_mat_id: dst='ffn_moe_gate-10':type=f32;ne=[960, 2, 1, 1];nb=[4, 3840, 7680, 7680]	src0='blk.10.ffn_gate_exps.weight':type=q4_K;ne=[4096, 960, 16, 1];nb=[144, 2304, 2211840, 35389440]	src1='ffn_norm-10 (reshaped)':type=f32;ne=[4096, 1, 1, 1];nb=[4, 16384, 16384, 16384]	src2='ffn_moe_topk-10':type=i32;ne=[2, 1, 1, 1];nb=[4, 64, 64, 64]
[SYCL][OP] call ggml_sycl_mul_mat_id done
[SYCL][OP] call ggml_sycl_mul_mat_id: dst='ffn_moe_up-10':type=f32;ne=[960, 2, 1, 1];nb=[4, 3840, 7680, 7680]	src0='blk.10.ffn_up_exps.weight':type=q4_K;ne=[4096, 960, 16, 1];nb=[144, 2304, 2211840, 35389440]	src1='ffn_norm-10 (reshaped)':type=f32;ne=[4096, 1, 1, 1];nb=[4, 16384, 16384, 16384]	src2='ffn_moe_topk-10':type=i32;ne=[2, 1, 1, 1];nb=[4, 64, 64, 64]
[SYCL][OP] call ggml_sycl_mul_mat_id done
[SYCL][OP] call ggml_sycl_mul_mat_id: dst='ffn_moe_down-10':type=f32;ne=[4096, 2, 1, 1];nb=[4, 16384, 32768, 32768]	src0='blk.10.ffn_down_exps.weight':type=q5_0;ne=[960, 4096, 16, 1];nb=[22, 660, 2703360, 43253760]	src1='ffn_moe_swiglu-10':type=f32;ne=[960, 2, 1, 1];nb=[4, 3840, 7680, 7680]	src2='ffn_moe_topk-10':type=i32;ne=[2, 1, 1, 1];nb=[4, 64, 64, 64]
[SYCL][OP] call ggml_sycl_mul_mat_id done
[SYCL][OP] call ggml_sycl_mul_mat: dst='Qcur-11':type=f32;ne=[4096, 1, 1, 1];nb=[4, 16384, 16384, 16384]	src0='blk.11.attn_q.weight':type=q4_K;ne=[4096, 4096, 1, 1];nb=[144, 2304, 9437184, 9437184]	src1='attn_norm-11':type=f32;ne=[4096, 1, 1, 1];nb=[4, 16384, 16384, 16384]
[SYCL][OP] call ggml_sycl_op_mul_mat/quantize_row_q8_1_sycl: dst='Qcur-11':type=f32;ne=[4096, 1, 1, 1];nb=[4, 16384, 16384, 16384]	src0='blk.11.attn_q.weight':type=q4_K;ne=[4096, 4096, 1, 1];nb=[144, 2304, 9437184, 9437184]	src1='attn_norm-11':type=f32;ne=[4096, 1, 1, 1];nb=[4, 16384, 16384, 16384] : converting src1 to Q8_1
[SYCL][OP] call ggml_sycl_mul_mat: dst='Vcur-11':type=f32;ne=[1024, 1, 1, 1];nb=[4, 4096, 4096, 4096]	src0='blk.11.attn_v.weight':type=q4_K;ne=[4096, 1024, 1, 1];nb=[144, 2304, 2359296, 2359296]	src1='attn_norm-11':type=f32;ne=[4096, 1, 1, 1];nb=[4, 16384, 16384, 16384]
[SYCL][OP] call ggml_sycl_op_mul_mat/quantize_row_q8_1_sycl: dst='Vcur-11':type=f32;ne=[1024, 1, 1, 1];nb=[4, 4096, 4096, 4096]	src0='blk.11.attn_v.weight':type=q4_K;ne=[4096, 1024, 1, 1];nb=[144, 2304, 2359296, 2359296]	src1='attn_norm-11':type=f32;ne=[4096, 1, 1, 1];nb=[4, 16384, 16384, 16384] : converting src1 to Q8_1
[SYCL][OP] call ggml_sycl_mul_mat: dst='Kcur-11':type=f32;ne=[1024, 1, 1, 1];nb=[4, 4096, 4096, 4096]	src0='blk.11.attn_k.weight':type=q4_K;ne=[4096, 1024, 1, 1];nb=[144, 2304, 2359296, 2359296]	src1='attn_norm-11':type=f32;ne=[4096, 1, 1, 1];nb=[4, 16384, 16384, 16384]
[SYCL][OP] call ggml_sycl_op_mul_mat/quantize_row_q8_1_sycl: dst='Kcur-11':type=f32;ne=[1024, 1, 1, 1];nb=[4, 4096, 4096, 4096]	src0='blk.11.attn_k.weight':type=q4_K;ne=[4096, 1024, 1, 1];nb=[144, 2304, 2359296, 2359296]	src1='attn_norm-11':type=f32;ne=[4096, 1, 1, 1];nb=[4, 16384, 16384, 16384] : converting src1 to Q8_1
[SYCL][OP] call ggml_sycl_mul_mat: dst='node_682':type=f32;ne=[4096, 1, 1, 1];nb=[4, 16384, 16384, 16384]	src0='blk.11.attn_output.weight':type=q4_K;ne=[4096, 4096, 1, 1];nb=[144, 2304, 9437184, 9437184]	src1='kqv_out-11':type=f32;ne=[4096, 1, 1, 1];nb=[4, 16384, 16384, 16384]
[SYCL][OP] call ggml_sycl_op_mul_mat/quantize_row_q8_1_sycl: dst='node_682':type=f32;ne=[4096, 1, 1, 1];nb=[4, 16384, 16384, 16384]	src0='blk.11.attn_output.weight':type=q4_K;ne=[4096, 4096, 1, 1];nb=[144, 2304, 9437184, 9437184]	src1='kqv_out-11':type=f32;ne=[4096, 1, 1, 1];nb=[4, 16384, 16384, 16384] : converting src1 to Q8_1
[SYCL][OP] call ggml_sycl_mul_mat_id: dst='ffn_moe_gate-11':type=f32;ne=[960, 2, 1, 1];nb=[4, 3840, 7680, 7680]	src0='blk.11.ffn_gate_exps.weight':type=q4_K;ne=[4096, 960, 16, 1];nb=[144, 2304, 2211840, 35389440]	src1='ffn_norm-11 (reshaped)':type=f32;ne=[4096, 1, 1, 1];nb=[4, 16384, 16384, 16384]	src2='ffn_moe_topk-11':type=i32;ne=[2, 1, 1, 1];nb=[4, 64, 64, 64]
[SYCL][OP] call ggml_sycl_mul_mat_id done
[SYCL][OP] call ggml_sycl_mul_mat_id: dst='ffn_moe_up-11':type=f32;ne=[960, 2, 1, 1];nb=[4, 3840, 7680, 7680]	src0='blk.11.ffn_up_exps.weight':type=q4_K;ne=[4096, 960, 16, 1];nb=[144, 2304, 2211840, 35389440]	src1='ffn_norm-11 (reshaped)':type=f32;ne=[4096, 1, 1, 1];nb=[4, 16384, 16384, 16384]	src2='ffn_moe_topk-11':type=i32;ne=[2, 1, 1, 1];nb=[4, 64, 64, 64]
[SYCL][OP] call ggml_sycl_mul_mat_id done
[SYCL][OP] call ggml_sycl_mul_mat_id: dst='ffn_moe_down-11':type=f32;ne=[4096, 2, 1, 1];nb=[4, 16384, 32768, 32768]	src0='blk.11.ffn_down_exps.weight':type=q5_0;ne=[960, 4096, 16, 1];nb=[22, 660, 2703360, 43253760]	src1='ffn_moe_swiglu-11':type=f32;ne=[960, 2, 1, 1];nb=[4, 3840, 7680, 7680]	src2='ffn_moe_topk-11':type=i32;ne=[2, 1, 1, 1];nb=[4, 64, 64, 64]
[SYCL][OP] call ggml_sycl_mul_mat_id done
[SYCL][OP] call ggml_sycl_mul_mat: dst='Qcur-12':type=f32;ne=[4096, 1, 1, 1];nb=[4, 16384, 16384, 16384]	src0='blk.12.attn_q.weight':type=q4_K;ne=[4096, 4096, 1, 1];nb=[144, 2304, 9437184, 9437184]	src1='attn_norm-12':type=f32;ne=[4096, 1, 1, 1];nb=[4, 16384, 16384, 16384]
[SYCL][OP] call ggml_sycl_op_mul_mat/quantize_row_q8_1_sycl: dst='Qcur-12':type=f32;ne=[4096, 1, 1, 1];nb=[4, 16384, 16384, 16384]	src0='blk.12.attn_q.weight':type=q4_K;ne=[4096, 4096, 1, 1];nb=[144, 2304, 9437184, 9437184]	src1='attn_norm-12':type=f32;ne=[4096, 1, 1, 1];nb=[4, 16384, 16384, 16384] : converting src1 to Q8_1
[SYCL][OP] call ggml_sycl_mul_mat: dst='Kcur-12':type=f32;ne=[1024, 1, 1, 1];nb=[4, 4096, 4096, 4096]	src0='blk.12.attn_k.weight':type=q4_K;ne=[4096, 1024, 1, 1];nb=[144, 2304, 2359296, 2359296]	src1='attn_norm-12':type=f32;ne=[4096, 1, 1, 1];nb=[4, 16384, 16384, 16384]
[SYCL][OP] call ggml_sycl_op_mul_mat/quantize_row_q8_1_sycl: dst='Kcur-12':type=f32;ne=[1024, 1, 1, 1];nb=[4, 4096, 4096, 4096]	src0='blk.12.attn_k.weight':type=q4_K;ne=[4096, 1024, 1, 1];nb=[144, 2304, 2359296, 2359296]	src1='attn_norm-12':type=f32;ne=[4096, 1, 1, 1];nb=[4, 16384, 16384, 16384] : converting src1 to Q8_1
[SYCL][OP] call ggml_sycl_mul_mat: dst='node_741':type=f32;ne=[4096, 1, 1, 1];nb=[4, 16384, 16384, 16384]	src0='blk.12.attn_output.weight':type=q4_K;ne=[4096, 4096, 1, 1];nb=[144, 2304, 9437184, 9437184]	src1='kqv_out-12':type=f32;ne=[4096, 1, 1, 1];nb=[4, 16384, 16384, 16384]
[SYCL][OP] call ggml_sycl_op_mul_mat/quantize_row_q8_1_sycl: dst='node_741':type=f32;ne=[4096, 1, 1, 1];nb=[4, 16384, 16384, 16384]	src0='blk.12.attn_output.weight':type=q4_K;ne=[4096, 4096, 1, 1];nb=[144, 2304, 9437184, 9437184]	src1='kqv_out-12':type=f32;ne=[4096, 1, 1, 1];nb=[4, 16384, 16384, 16384] : converting src1 to Q8_1
[SYCL][OP] call ggml_sycl_mul_mat_id: dst='ffn_moe_gate-12':type=f32;ne=[960, 2, 1, 1];nb=[4, 3840, 7680, 7680]	src0='blk.12.ffn_gate_exps.weight':type=q4_K;ne=[4096, 960, 16, 1];nb=[144, 2304, 2211840, 35389440]	src1='ffn_norm-12 (reshaped)':type=f32;ne=[4096, 1, 1, 1];nb=[4, 16384, 16384, 16384]	src2='ffn_moe_topk-12':type=i32;ne=[2, 1, 1, 1];nb=[4, 64, 64, 64]
[SYCL][OP] call ggml_sycl_mul_mat_id done
[SYCL][OP] call ggml_sycl_mul_mat_id: dst='ffn_moe_up-12':type=f32;ne=[960, 2, 1, 1];nb=[4, 3840, 7680, 7680]	src0='blk.12.ffn_up_exps.weight':type=q4_K;ne=[4096, 960, 16, 1];nb=[144, 2304, 2211840, 35389440]	src1='ffn_norm-12 (reshaped)':type=f32;ne=[4096, 1, 1, 1];nb=[4, 16384, 16384, 16384]	src2='ffn_moe_topk-12':type=i32;ne=[2, 1, 1, 1];nb=[4, 64, 64, 64]
[SYCL][OP] call ggml_sycl_mul_mat_id done
[SYCL][OP] call ggml_sycl_mul_mat_id: dst='ffn_moe_down-12':type=f32;ne=[4096, 2, 1, 1];nb=[4, 16384, 32768, 32768]	src0='blk.12.ffn_down_exps.weight':type=q8_0;ne=[960, 4096, 16, 1];nb=[34, 1020, 4177920, 66846720]	src1='ffn_moe_swiglu-12':type=f32;ne=[960, 2, 1, 1];nb=[4, 3840, 7680, 7680]	src2='ffn_moe_topk-12':type=i32;ne=[2, 1, 1, 1];nb=[4, 64, 64, 64]
[SYCL][OP] call ggml_sycl_mul_mat_id done
[SYCL][OP] call ggml_sycl_mul_mat: dst='Qcur-13':type=f32;ne=[4096, 1, 1, 1];nb=[4, 16384, 16384, 16384]	src0='blk.13.attn_q.weight':type=q4_K;ne=[4096, 4096, 1, 1];nb=[144, 2304, 9437184, 9437184]	src1='attn_norm-13':type=f32;ne=[4096, 1, 1, 1];nb=[4, 16384, 16384, 16384]
[SYCL][OP] call ggml_sycl_op_mul_mat/quantize_row_q8_1_sycl: dst='Qcur-13':type=f32;ne=[4096, 1, 1, 1];nb=[4, 16384, 16384, 16384]	src0='blk.13.attn_q.weight':type=q4_K;ne=[4096, 4096, 1, 1];nb=[144, 2304, 9437184, 9437184]	src1='attn_norm-13':type=f32;ne=[4096, 1, 1, 1];nb=[4, 16384, 16384, 16384] : converting src1 to Q8_1
[SYCL][OP] call ggml_sycl_mul_mat: dst='Vcur-13':type=f32;ne=[1024, 1, 1, 1];nb=[4, 4096, 4096, 4096]	src0='blk.13.attn_v.weight':type=q4_K;ne=[4096, 1024, 1, 1];nb=[144, 2304, 2359296, 2359296]	src1='attn_norm-13':type=f32;ne=[4096, 1, 1, 1];nb=[4, 16384, 16384, 16384]
[SYCL][OP] call ggml_sycl_op_mul_mat/quantize_row_q8_1_sycl: dst='Vcur-13':type=f32;ne=[1024, 1, 1, 1];nb=[4, 4096, 4096, 4096]	src0='blk.13.attn_v.weight':type=q4_K;ne=[4096, 1024, 1, 1];nb=[144, 2304, 2359296, 2359296]	src1='attn_norm-13':type=f32;ne=[4096, 1, 1, 1];nb=[4, 16384, 16384, 16384] : converting src1 to Q8_1
[SYCL][OP] call ggml_sycl_mul_mat: dst='Kcur-13':type=f32;ne=[1024, 1, 1, 1];nb=[4, 4096, 4096, 4096]	src0='blk.13.attn_k.weight':type=q4_K;ne=[4096, 1024, 1, 1];nb=[144, 2304, 2359296, 2359296]	src1='attn_norm-13':type=f32;ne=[4096, 1, 1, 1];nb=[4, 16384, 16384, 16384]
[SYCL][OP] call ggml_sycl_op_mul_mat/quantize_row_q8_1_sycl: dst='Kcur-13':type=f32;ne=[1024, 1, 1, 1];nb=[4, 4096, 4096, 4096]	src0='blk.13.attn_k.weight':type=q4_K;ne=[4096, 1024, 1, 1];nb=[144, 2304, 2359296, 2359296]	src1='attn_norm-13':type=f32;ne=[4096, 1, 1, 1];nb=[4, 16384, 16384, 16384] : converting src1 to Q8_1
[SYCL][OP] call ggml_sycl_mul_mat: dst='node_800':type=f32;ne=[4096, 1, 1, 1];nb=[4, 16384, 16384, 16384]	src0='blk.13.attn_output.weight':type=q4_K;ne=[4096, 4096, 1, 1];nb=[144, 2304, 9437184, 9437184]	src1='kqv_out-13':type=f32;ne=[4096, 1, 1, 1];nb=[4, 16384, 16384, 16384]
[SYCL][OP] call ggml_sycl_op_mul_mat/quantize_row_q8_1_sycl: dst='node_800':type=f32;ne=[4096, 1, 1, 1];nb=[4, 16384, 16384, 16384]	src0='blk.13.attn_output.weight':type=q4_K;ne=[4096, 4096, 1, 1];nb=[144, 2304, 9437184, 9437184]	src1='kqv_out-13':type=f32;ne=[4096, 1, 1, 1];nb=[4, 16384, 16384, 16384] : converting src1 to Q8_1
[SYCL][OP] call ggml_sycl_mul_mat_id: dst='ffn_moe_gate-13':type=f32;ne=[960, 2, 1, 1];nb=[4, 3840, 7680, 7680]	src0='blk.13.ffn_gate_exps.weight':type=q4_K;ne=[4096, 960, 16, 1];nb=[144, 2304, 2211840, 35389440]	src1='ffn_norm-13 (reshaped)':type=f32;ne=[4096, 1, 1, 1];nb=[4, 16384, 16384, 16384]	src2='ffn_moe_topk-13':type=i32;ne=[2, 1, 1, 1];nb=[4, 64, 64, 64]
[SYCL][OP] call ggml_sycl_mul_mat_id done
[SYCL][OP] call ggml_sycl_mul_mat_id: dst='ffn_moe_up-13':type=f32;ne=[960, 2, 1, 1];nb=[4, 3840, 7680, 7680]	src0='blk.13.ffn_up_exps.weight':type=q4_K;ne=[4096, 960, 16, 1];nb=[144, 2304, 2211840, 35389440]	src1='ffn_norm-13 (reshaped)':type=f32;ne=[4096, 1, 1, 1];nb=[4, 16384, 16384, 16384]	src2='ffn_moe_topk-13':type=i32;ne=[2, 1, 1, 1];nb=[4, 64, 64, 64]
[SYCL][OP] call ggml_sycl_mul_mat_id done
[SYCL][OP] call ggml_sycl_mul_mat_id: dst='ffn_moe_down-13':type=f32;ne=[4096, 2, 1, 1];nb=[4, 16384, 32768, 32768]	src0='blk.13.ffn_down_exps.weight':type=q5_0;ne=[960, 4096, 16, 1];nb=[22, 660, 2703360, 43253760]	src1='ffn_moe_swiglu-13':type=f32;ne=[960, 2, 1, 1];nb=[4, 3840, 7680, 7680]	src2='ffn_moe_topk-13':type=i32;ne=[2, 1, 1, 1];nb=[4, 64, 64, 64]
[SYCL][OP] call ggml_sycl_mul_mat_id done
[SYCL][OP] call ggml_sycl_mul_mat: dst='Qcur-14':type=f32;ne=[4096, 1, 1, 1];nb=[4, 16384, 16384, 16384]	src0='blk.14.attn_q.weight':type=q4_K;ne=[4096, 4096, 1, 1];nb=[144, 2304, 9437184, 9437184]	src1='attn_norm-14':type=f32;ne=[4096, 1, 1, 1];nb=[4, 16384, 16384, 16384]
[SYCL][OP] call ggml_sycl_op_mul_mat/quantize_row_q8_1_sycl: dst='Qcur-14':type=f32;ne=[4096, 1, 1, 1];nb=[4, 16384, 16384, 16384]	src0='blk.14.attn_q.weight':type=q4_K;ne=[4096, 4096, 1, 1];nb=[144, 2304, 9437184, 9437184]	src1='attn_norm-14':type=f32;ne=[4096, 1, 1, 1];nb=[4, 16384, 16384, 16384] : converting src1 to Q8_1
[SYCL][OP] call ggml_sycl_mul_mat: dst='Vcur-14':type=f32;ne=[1024, 1, 1, 1];nb=[4, 4096, 4096, 4096]	src0='blk.14.attn_v.weight':type=q4_K;ne=[4096, 1024, 1, 1];nb=[144, 2304, 2359296, 2359296]	src1='attn_norm-14':type=f32;ne=[4096, 1, 1, 1];nb=[4, 16384, 16384, 16384]
[SYCL][OP] call ggml_sycl_op_mul_mat/quantize_row_q8_1_sycl: dst='Vcur-14':type=f32;ne=[1024, 1, 1, 1];nb=[4, 4096, 4096, 4096]	src0='blk.14.attn_v.weight':type=q4_K;ne=[4096, 1024, 1, 1];nb=[144, 2304, 2359296, 2359296]	src1='attn_norm-14':type=f32;ne=[4096, 1, 1, 1];nb=[4, 16384, 16384, 16384] : converting src1 to Q8_1
[SYCL][OP] call ggml_sycl_mul_mat: dst='Kcur-14':type=f32;ne=[1024, 1, 1, 1];nb=[4, 4096, 4096, 4096]	src0='blk.14.attn_k.weight':type=q4_K;ne=[4096, 1024, 1, 1];nb=[144, 2304, 2359296, 2359296]	src1='attn_norm-14':type=f32;ne=[4096, 1, 1, 1];nb=[4, 16384, 16384, 16384]
[SYCL][OP] call ggml_sycl_op_mul_mat/quantize_row_q8_1_sycl: dst='Kcur-14':type=f32;ne=[1024, 1, 1, 1];nb=[4, 4096, 4096, 4096]	src0='blk.14.attn_k.weight':type=q4_K;ne=[4096, 1024, 1, 1];nb=[144, 2304, 2359296, 2359296]	src1='attn_norm-14':type=f32;ne=[4096, 1, 1, 1];nb=[4, 16384, 16384, 16384] : converting src1 to Q8_1
[SYCL][OP] call ggml_sycl_mul_mat: dst='node_859':type=f32;ne=[4096, 1, 1, 1];nb=[4, 16384, 16384, 16384]	src0='blk.14.attn_output.weight':type=q4_K;ne=[4096, 4096, 1, 1];nb=[144, 2304, 9437184, 9437184]	src1='kqv_out-14':type=f32;ne=[4096, 1, 1, 1];nb=[4, 16384, 16384, 16384]
[SYCL][OP] call ggml_sycl_op_mul_mat/quantize_row_q8_1_sycl: dst='node_859':type=f32;ne=[4096, 1, 1, 1];nb=[4, 16384, 16384, 16384]	src0='blk.14.attn_output.weight':type=q4_K;ne=[4096, 4096, 1, 1];nb=[144, 2304, 9437184, 9437184]	src1='kqv_out-14':type=f32;ne=[4096, 1, 1, 1];nb=[4, 16384, 16384, 16384] : converting src1 to Q8_1
[SYCL][OP] call ggml_sycl_mul_mat_id: dst='ffn_moe_gate-14':type=f32;ne=[960, 2, 1, 1];nb=[4, 3840, 7680, 7680]	src0='blk.14.ffn_gate_exps.weight':type=q4_K;ne=[4096, 960, 16, 1];nb=[144, 2304, 2211840, 35389440]	src1='ffn_norm-14 (reshaped)':type=f32;ne=[4096, 1, 1, 1];nb=[4, 16384, 16384, 16384]	src2='ffn_moe_topk-14':type=i32;ne=[2, 1, 1, 1];nb=[4, 64, 64, 64]
[SYCL][OP] call ggml_sycl_mul_mat_id done
[SYCL][OP] call ggml_sycl_mul_mat_id: dst='ffn_moe_up-14':type=f32;ne=[960, 2, 1, 1];nb=[4, 3840, 7680, 7680]	src0='blk.14.ffn_up_exps.weight':type=q4_K;ne=[4096, 960, 16, 1];nb=[144, 2304, 2211840, 35389440]	src1='ffn_norm-14 (reshaped)':type=f32;ne=[4096, 1, 1, 1];nb=[4, 16384, 16384, 16384]	src2='ffn_moe_topk-14':type=i32;ne=[2, 1, 1, 1];nb=[4, 64, 64, 64]
[SYCL][OP] call ggml_sycl_mul_mat_id done
[SYCL][OP] call ggml_sycl_mul_mat_id: dst='ffn_moe_down-14':type=f32;ne=[4096, 2, 1, 1];nb=[4, 16384, 32768, 32768]	src0='blk.14.ffn_down_exps.weight':type=q5_0;ne=[960, 4096, 16, 1];nb=[22, 660, 2703360, 43253760]	src1='ffn_moe_swiglu-14':type=f32;ne=[960, 2, 1, 1];nb=[4, 3840, 7680, 7680]	src2='ffn_moe_topk-14':type=i32;ne=[2, 1, 1, 1];nb=[4, 64, 64, 64]
[SYCL][OP] call ggml_sycl_mul_mat_id done
[SYCL][OP] call ggml_sycl_mul_mat: dst='Qcur-15':type=f32;ne=[4096, 1, 1, 1];nb=[4, 16384, 16384, 16384]	src0='blk.15.attn_q.weight':type=q4_K;ne=[4096, 4096, 1, 1];nb=[144, 2304, 9437184, 9437184]	src1='attn_norm-15':type=f32;ne=[4096, 1, 1, 1];nb=[4, 16384, 16384, 16384]
[SYCL][OP] call ggml_sycl_op_mul_mat/quantize_row_q8_1_sycl: dst='Qcur-15':type=f32;ne=[4096, 1, 1, 1];nb=[4, 16384, 16384, 16384]	src0='blk.15.attn_q.weight':type=q4_K;ne=[4096, 4096, 1, 1];nb=[144, 2304, 9437184, 9437184]	src1='attn_norm-15':type=f32;ne=[4096, 1, 1, 1];nb=[4, 16384, 16384, 16384] : converting src1 to Q8_1
[SYCL][OP] call ggml_sycl_mul_mat: dst='Kcur-15':type=f32;ne=[1024, 1, 1, 1];nb=[4, 4096, 4096, 4096]	src0='blk.15.attn_k.weight':type=q4_K;ne=[4096, 1024, 1, 1];nb=[144, 2304, 2359296, 2359296]	src1='attn_norm-15':type=f32;ne=[4096, 1, 1, 1];nb=[4, 16384, 16384, 16384]
[SYCL][OP] call ggml_sycl_op_mul_mat/quantize_row_q8_1_sycl: dst='Kcur-15':type=f32;ne=[1024, 1, 1, 1];nb=[4, 4096, 4096, 4096]	src0='blk.15.attn_k.weight':type=q4_K;ne=[4096, 1024, 1, 1];nb=[144, 2304, 2359296, 2359296]	src1='attn_norm-15':type=f32;ne=[4096, 1, 1, 1];nb=[4, 16384, 16384, 16384] : converting src1 to Q8_1
[SYCL][OP] call ggml_sycl_mul_mat: dst='node_918':type=f32;ne=[4096, 1, 1, 1];nb=[4, 16384, 16384, 16384]	src0='blk.15.attn_output.weight':type=q4_K;ne=[4096, 4096, 1, 1];nb=[144, 2304, 9437184, 9437184]	src1='kqv_out-15':type=f32;ne=[4096, 1, 1, 1];nb=[4, 16384, 16384, 16384]
[SYCL][OP] call ggml_sycl_op_mul_mat/quantize_row_q8_1_sycl: dst='node_918':type=f32;ne=[4096, 1, 1, 1];nb=[4, 16384, 16384, 16384]	src0='blk.15.attn_output.weight':type=q4_K;ne=[4096, 4096, 1, 1];nb=[144, 2304, 9437184, 9437184]	src1='kqv_out-15':type=f32;ne=[4096, 1, 1, 1];nb=[4, 16384, 16384, 16384] : converting src1 to Q8_1
[SYCL][OP] call ggml_sycl_mul_mat_id: dst='ffn_moe_gate-15':type=f32;ne=[960, 2, 1, 1];nb=[4, 3840, 7680, 7680]	src0='blk.15.ffn_gate_exps.weight':type=q4_K;ne=[4096, 960, 16, 1];nb=[144, 2304, 2211840, 35389440]	src1='ffn_norm-15 (reshaped)':type=f32;ne=[4096, 1, 1, 1];nb=[4, 16384, 16384, 16384]	src2='ffn_moe_topk-15':type=i32;ne=[2, 1, 1, 1];nb=[4, 64, 64, 64]
[SYCL][OP] call ggml_sycl_mul_mat_id done
[SYCL][OP] call ggml_sycl_mul_mat_id: dst='ffn_moe_up-15':type=f32;ne=[960, 2, 1, 1];nb=[4, 3840, 7680, 7680]	src0='blk.15.ffn_up_exps.weight':type=q4_K;ne=[4096, 960, 16, 1];nb=[144, 2304, 2211840, 35389440]	src1='ffn_norm-15 (reshaped)':type=f32;ne=[4096, 1, 1, 1];nb=[4, 16384, 16384, 16384]	src2='ffn_moe_topk-15':type=i32;ne=[2, 1, 1, 1];nb=[4, 64, 64, 64]
[SYCL][OP] call ggml_sycl_mul_mat_id done
[SYCL][OP] call ggml_sycl_mul_mat_id: dst='ffn_moe_down-15':type=f32;ne=[4096, 2, 1, 1];nb=[4, 16384, 32768, 32768]	src0='blk.15.ffn_down_exps.weight':type=q8_0;ne=[960, 4096, 16, 1];nb=[34, 1020, 4177920, 66846720]	src1='ffn_moe_swiglu-15':type=f32;ne=[960, 2, 1, 1];nb=[4, 3840, 7680, 7680]	src2='ffn_moe_topk-15':type=i32;ne=[2, 1, 1, 1];nb=[4, 64, 64, 64]
[SYCL][OP] call ggml_sycl_mul_mat_id done
[SYCL][OP] call ggml_sycl_mul_mat: dst='Qcur-16':type=f32;ne=[4096, 1, 1, 1];nb=[4, 16384, 16384, 16384]	src0='blk.16.attn_q.weight':type=q4_K;ne=[4096, 4096, 1, 1];nb=[144, 2304, 9437184, 9437184]	src1='attn_norm-16':type=f32;ne=[4096, 1, 1, 1];nb=[4, 16384, 16384, 16384]
[SYCL][OP] call ggml_sycl_op_mul_mat/quantize_row_q8_1_sycl: dst='Qcur-16':type=f32;ne=[4096, 1, 1, 1];nb=[4, 16384, 16384, 16384]	src0='blk.16.attn_q.weight':type=q4_K;ne=[4096, 4096, 1, 1];nb=[144, 2304, 9437184, 9437184]	src1='attn_norm-16':type=f32;ne=[4096, 1, 1, 1];nb=[4, 16384, 16384, 16384] : converting src1 to Q8_1
[SYCL][OP] call ggml_sycl_mul_mat: dst='Vcur-16':type=f32;ne=[1024, 1, 1, 1];nb=[4, 4096, 4096, 4096]	src0='blk.16.attn_v.weight':type=q4_K;ne=[4096, 1024, 1, 1];nb=[144, 2304, 2359296, 2359296]	src1='attn_norm-16':type=f32;ne=[4096, 1, 1, 1];nb=[4, 16384, 16384, 16384]
[SYCL][OP] call ggml_sycl_op_mul_mat/quantize_row_q8_1_sycl: dst='Vcur-16':type=f32;ne=[1024, 1, 1, 1];nb=[4, 4096, 4096, 4096]	src0='blk.16.attn_v.weight':type=q4_K;ne=[4096, 1024, 1, 1];nb=[144, 2304, 2359296, 2359296]	src1='attn_norm-16':type=f32;ne=[4096, 1, 1, 1];nb=[4, 16384, 16384, 16384] : converting src1 to Q8_1
[SYCL][OP] call ggml_sycl_mul_mat: dst='Kcur-16':type=f32;ne=[1024, 1, 1, 1];nb=[4, 4096, 4096, 4096]	src0='blk.16.attn_k.weight':type=q4_K;ne=[4096, 1024, 1, 1];nb=[144, 2304, 2359296, 2359296]	src1='attn_norm-16':type=f32;ne=[4096, 1, 1, 1];nb=[4, 16384, 16384, 16384]
[SYCL][OP] call ggml_sycl_op_mul_mat/quantize_row_q8_1_sycl: dst='Kcur-16':type=f32;ne=[1024, 1, 1, 1];nb=[4, 4096, 4096, 4096]	src0='blk.16.attn_k.weight':type=q4_K;ne=[4096, 1024, 1, 1];nb=[144, 2304, 2359296, 2359296]	src1='attn_norm-16':type=f32;ne=[4096, 1, 1, 1];nb=[4, 16384, 16384, 16384] : converting src1 to Q8_1
[SYCL][OP] call ggml_sycl_mul_mat: dst='node_977':type=f32;ne=[4096, 1, 1, 1];nb=[4, 16384, 16384, 16384]	src0='blk.16.attn_output.weight':type=q4_K;ne=[4096, 4096, 1, 1];nb=[144, 2304, 9437184, 9437184]	src1='kqv_out-16':type=f32;ne=[4096, 1, 1, 1];nb=[4, 16384, 16384, 16384]
[SYCL][OP] call ggml_sycl_op_mul_mat/quantize_row_q8_1_sycl: dst='node_977':type=f32;ne=[4096, 1, 1, 1];nb=[4, 16384, 16384, 16384]	src0='blk.16.attn_output.weight':type=q4_K;ne=[4096, 4096, 1, 1];nb=[144, 2304, 9437184, 9437184]	src1='kqv_out-16':type=f32;ne=[4096, 1, 1, 1];nb=[4, 16384, 16384, 16384] : converting src1 to Q8_1
[SYCL][OP] call ggml_sycl_mul_mat_id: dst='ffn_moe_gate-16':type=f32;ne=[960, 2, 1, 1];nb=[4, 3840, 7680, 7680]	src0='blk.16.ffn_gate_exps.weight':type=q4_K;ne=[4096, 960, 16, 1];nb=[144, 2304, 2211840, 35389440]	src1='ffn_norm-16 (reshaped)':type=f32;ne=[4096, 1, 1, 1];nb=[4, 16384, 16384, 16384]	src2='ffn_moe_topk-16':type=i32;ne=[2, 1, 1, 1];nb=[4, 64, 64, 64]
[SYCL][OP] call ggml_sycl_mul_mat_id done
[SYCL][OP] call ggml_sycl_mul_mat_id: dst='ffn_moe_up-16':type=f32;ne=[960, 2, 1, 1];nb=[4, 3840, 7680, 7680]	src0='blk.16.ffn_up_exps.weight':type=q4_K;ne=[4096, 960, 16, 1];nb=[144, 2304, 2211840, 35389440]	src1='ffn_norm-16 (reshaped)':type=f32;ne=[4096, 1, 1, 1];nb=[4, 16384, 16384, 16384]	src2='ffn_moe_topk-16':type=i32;ne=[2, 1, 1, 1];nb=[4, 64, 64, 64]
[SYCL][OP] call ggml_sycl_mul_mat_id done
[SYCL][OP] call ggml_sycl_mul_mat_id: dst='ffn_moe_down-16':type=f32;ne=[4096, 2, 1, 1];nb=[4, 16384, 32768, 32768]	src0='blk.16.ffn_down_exps.weight':type=q5_0;ne=[960, 4096, 16, 1];nb=[22, 660, 2703360, 43253760]	src1='ffn_moe_swiglu-16':type=f32;ne=[960, 2, 1, 1];nb=[4, 3840, 7680, 7680]	src2='ffn_moe_topk-16':type=i32;ne=[2, 1, 1, 1];nb=[4, 64, 64, 64]
[SYCL][OP] call ggml_sycl_mul_mat_id done
[SYCL][OP] call ggml_sycl_mul_mat: dst='Qcur-17':type=f32;ne=[4096, 1, 1, 1];nb=[4, 16384, 16384, 16384]	src0='blk.17.attn_q.weight':type=q4_K;ne=[4096, 4096, 1, 1];nb=[144, 2304, 9437184, 9437184]	src1='attn_norm-17':type=f32;ne=[4096, 1, 1, 1];nb=[4, 16384, 16384, 16384]
[SYCL][OP] call ggml_sycl_op_mul_mat/quantize_row_q8_1_sycl: dst='Qcur-17':type=f32;ne=[4096, 1, 1, 1];nb=[4, 16384, 16384, 16384]	src0='blk.17.attn_q.weight':type=q4_K;ne=[4096, 4096, 1, 1];nb=[144, 2304, 9437184, 9437184]	src1='attn_norm-17':type=f32;ne=[4096, 1, 1, 1];nb=[4, 16384, 16384, 16384] : converting src1 to Q8_1
[SYCL][OP] call ggml_sycl_mul_mat: dst='Vcur-17':type=f32;ne=[1024, 1, 1, 1];nb=[4, 4096, 4096, 4096]	src0='blk.17.attn_v.weight':type=q4_K;ne=[4096, 1024, 1, 1];nb=[144, 2304, 2359296, 2359296]	src1='attn_norm-17':type=f32;ne=[4096, 1, 1, 1];nb=[4, 16384, 16384, 16384]
[SYCL][OP] call ggml_sycl_op_mul_mat/quantize_row_q8_1_sycl: dst='Vcur-17':type=f32;ne=[1024, 1, 1, 1];nb=[4, 4096, 4096, 4096]	src0='blk.17.attn_v.weight':type=q4_K;ne=[4096, 1024, 1, 1];nb=[144, 2304, 2359296, 2359296]	src1='attn_norm-17':type=f32;ne=[4096, 1, 1, 1];nb=[4, 16384, 16384, 16384] : converting src1 to Q8_1
[SYCL][OP] call ggml_sycl_mul_mat: dst='Kcur-17':type=f32;ne=[1024, 1, 1, 1];nb=[4, 4096, 4096, 4096]	src0='blk.17.attn_k.weight':type=q4_K;ne=[4096, 1024, 1, 1];nb=[144, 2304, 2359296, 2359296]	src1='attn_norm-17':type=f32;ne=[4096, 1, 1, 1];nb=[4, 16384, 16384, 16384]
[SYCL][OP] call ggml_sycl_op_mul_mat/quantize_row_q8_1_sycl: dst='Kcur-17':type=f32;ne=[1024, 1, 1, 1];nb=[4, 4096, 4096, 4096]	src0='blk.17.attn_k.weight':type=q4_K;ne=[4096, 1024, 1, 1];nb=[144, 2304, 2359296, 2359296]	src1='attn_norm-17':type=f32;ne=[4096, 1, 1, 1];nb=[4, 16384, 16384, 16384] : converting src1 to Q8_1
[SYCL][OP] call ggml_sycl_mul_mat: dst='node_1036':type=f32;ne=[4096, 1, 1, 1];nb=[4, 16384, 16384, 16384]	src0='blk.17.attn_output.weight':type=q4_K;ne=[4096, 4096, 1, 1];nb=[144, 2304, 9437184, 9437184]	src1='kqv_out-17':type=f32;ne=[4096, 1, 1, 1];nb=[4, 16384, 16384, 16384]
[SYCL][OP] call ggml_sycl_op_mul_mat/quantize_row_q8_1_sycl: dst='node_1036':type=f32;ne=[4096, 1, 1, 1];nb=[4, 16384, 16384, 16384]	src0='blk.17.attn_output.weight':type=q4_K;ne=[4096, 4096, 1, 1];nb=[144, 2304, 9437184, 9437184]	src1='kqv_out-17':type=f32;ne=[4096, 1, 1, 1];nb=[4, 16384, 16384, 16384] : converting src1 to Q8_1
[SYCL][OP] call ggml_sycl_mul_mat_id: dst='ffn_moe_gate-17':type=f32;ne=[960, 2, 1, 1];nb=[4, 3840, 7680, 7680]	src0='blk.17.ffn_gate_exps.weight':type=q4_K;ne=[4096, 960, 16, 1];nb=[144, 2304, 2211840, 35389440]	src1='ffn_norm-17 (reshaped)':type=f32;ne=[4096, 1, 1, 1];nb=[4, 16384, 16384, 16384]	src2='ffn_moe_topk-17':type=i32;ne=[2, 1, 1, 1];nb=[4, 64, 64, 64]
[SYCL][OP] call ggml_sycl_mul_mat_id done
[SYCL][OP] call ggml_sycl_mul_mat_id: dst='ffn_moe_up-17':type=f32;ne=[960, 2, 1, 1];nb=[4, 3840, 7680, 7680]	src0='blk.17.ffn_up_exps.weight':type=q4_K;ne=[4096, 960, 16, 1];nb=[144, 2304, 2211840, 35389440]	src1='ffn_norm-17 (reshaped)':type=f32;ne=[4096, 1, 1, 1];nb=[4, 16384, 16384, 16384]	src2='ffn_moe_topk-17':type=i32;ne=[2, 1, 1, 1];nb=[4, 64, 64, 64]
[SYCL][OP] call ggml_sycl_mul_mat_id done
[SYCL][OP] call ggml_sycl_mul_mat_id: dst='ffn_moe_down-17':type=f32;ne=[4096, 2, 1, 1];nb=[4, 16384, 32768, 32768]	src0='blk.17.ffn_down_exps.weight':type=q5_0;ne=[960, 4096, 16, 1];nb=[22, 660, 2703360, 43253760]	src1='ffn_moe_swiglu-17':type=f32;ne=[960, 2, 1, 1];nb=[4, 3840, 7680, 7680]	src2='ffn_moe_topk-17':type=i32;ne=[2, 1, 1, 1];nb=[4, 64, 64, 64]
[SYCL][OP] call ggml_sycl_mul_mat_id done
[SYCL][OP] call ggml_sycl_mul_mat: dst='Qcur-18':type=f32;ne=[4096, 1, 1, 1];nb=[4, 16384, 16384, 16384]	src0='blk.18.attn_q.weight':type=q4_K;ne=[4096, 4096, 1, 1];nb=[144, 2304, 9437184, 9437184]	src1='attn_norm-18':type=f32;ne=[4096, 1, 1, 1];nb=[4, 16384, 16384, 16384]
[SYCL][OP] call ggml_sycl_op_mul_mat/quantize_row_q8_1_sycl: dst='Qcur-18':type=f32;ne=[4096, 1, 1, 1];nb=[4, 16384, 16384, 16384]	src0='blk.18.attn_q.weight':type=q4_K;ne=[4096, 4096, 1, 1];nb=[144, 2304, 9437184, 9437184]	src1='attn_norm-18':type=f32;ne=[4096, 1, 1, 1];nb=[4, 16384, 16384, 16384] : converting src1 to Q8_1
[SYCL][OP] call ggml_sycl_mul_mat: dst='Kcur-18':type=f32;ne=[1024, 1, 1, 1];nb=[4, 4096, 4096, 4096]	src0='blk.18.attn_k.weight':type=q4_K;ne=[4096, 1024, 1, 1];nb=[144, 2304, 2359296, 2359296]	src1='attn_norm-18':type=f32;ne=[4096, 1, 1, 1];nb=[4, 16384, 16384, 16384]
[SYCL][OP] call ggml_sycl_op_mul_mat/quantize_row_q8_1_sycl: dst='Kcur-18':type=f32;ne=[1024, 1, 1, 1];nb=[4, 4096, 4096, 4096]	src0='blk.18.attn_k.weight':type=q4_K;ne=[4096, 1024, 1, 1];nb=[144, 2304, 2359296, 2359296]	src1='attn_norm-18':type=f32;ne=[4096, 1, 1, 1];nb=[4, 16384, 16384, 16384] : converting src1 to Q8_1
[SYCL][OP] call ggml_sycl_mul_mat: dst='node_1095':type=f32;ne=[4096, 1, 1, 1];nb=[4, 16384, 16384, 16384]	src0='blk.18.attn_output.weight':type=q4_K;ne=[4096, 4096, 1, 1];nb=[144, 2304, 9437184, 9437184]	src1='kqv_out-18':type=f32;ne=[4096, 1, 1, 1];nb=[4, 16384, 16384, 16384]
[SYCL][OP] call ggml_sycl_op_mul_mat/quantize_row_q8_1_sycl: dst='node_1095':type=f32;ne=[4096, 1, 1, 1];nb=[4, 16384, 16384, 16384]	src0='blk.18.attn_output.weight':type=q4_K;ne=[4096, 4096, 1, 1];nb=[144, 2304, 9437184, 9437184]	src1='kqv_out-18':type=f32;ne=[4096, 1, 1, 1];nb=[4, 16384, 16384, 16384] : converting src1 to Q8_1
[SYCL][OP] call ggml_sycl_mul_mat_id: dst='ffn_moe_gate-18':type=f32;ne=[960, 2, 1, 1];nb=[4, 3840, 7680, 7680]	src0='blk.18.ffn_gate_exps.weight':type=q4_K;ne=[4096, 960, 16, 1];nb=[144, 2304, 2211840, 35389440]	src1='ffn_norm-18 (reshaped)':type=f32;ne=[4096, 1, 1, 1];nb=[4, 16384, 16384, 16384]	src2='ffn_moe_topk-18':type=i32;ne=[2, 1, 1, 1];nb=[4, 64, 64, 64]
[SYCL][OP] call ggml_sycl_mul_mat_id done
[SYCL][OP] call ggml_sycl_mul_mat_id: dst='ffn_moe_up-18':type=f32;ne=[960, 2, 1, 1];nb=[4, 3840, 7680, 7680]	src0='blk.18.ffn_up_exps.weight':type=q4_K;ne=[4096, 960, 16, 1];nb=[144, 2304, 2211840, 35389440]	src1='ffn_norm-18 (reshaped)':type=f32;ne=[4096, 1, 1, 1];nb=[4, 16384, 16384, 16384]	src2='ffn_moe_topk-18':type=i32;ne=[2, 1, 1, 1];nb=[4, 64, 64, 64]
[SYCL][OP] call ggml_sycl_mul_mat_id done
[SYCL][OP] call ggml_sycl_mul_mat_id: dst='ffn_moe_down-18':type=f32;ne=[4096, 2, 1, 1];nb=[4, 16384, 32768, 32768]	src0='blk.18.ffn_down_exps.weight':type=q8_0;ne=[960, 4096, 16, 1];nb=[34, 1020, 4177920, 66846720]	src1='ffn_moe_swiglu-18':type=f32;ne=[960, 2, 1, 1];nb=[4, 3840, 7680, 7680]	src2='ffn_moe_topk-18':type=i32;ne=[2, 1, 1, 1];nb=[4, 64, 64, 64]
[SYCL][OP] call ggml_sycl_mul_mat_id done
[SYCL][OP] call ggml_sycl_mul_mat: dst='Qcur-19':type=f32;ne=[4096, 1, 1, 1];nb=[4, 16384, 16384, 16384]	src0='blk.19.attn_q.weight':type=q4_K;ne=[4096, 4096, 1, 1];nb=[144, 2304, 9437184, 9437184]	src1='attn_norm-19':type=f32;ne=[4096, 1, 1, 1];nb=[4, 16384, 16384, 16384]
[SYCL][OP] call ggml_sycl_op_mul_mat/quantize_row_q8_1_sycl: dst='Qcur-19':type=f32;ne=[4096, 1, 1, 1];nb=[4, 16384, 16384, 16384]	src0='blk.19.attn_q.weight':type=q4_K;ne=[4096, 4096, 1, 1];nb=[144, 2304, 9437184, 9437184]	src1='attn_norm-19':type=f32;ne=[4096, 1, 1, 1];nb=[4, 16384, 16384, 16384] : converting src1 to Q8_1
[SYCL][OP] call ggml_sycl_mul_mat: dst='Vcur-19':type=f32;ne=[1024, 1, 1, 1];nb=[4, 4096, 4096, 4096]	src0='blk.19.attn_v.weight':type=q4_K;ne=[4096, 1024, 1, 1];nb=[144, 2304, 2359296, 2359296]	src1='attn_norm-19':type=f32;ne=[4096, 1, 1, 1];nb=[4, 16384, 16384, 16384]
[SYCL][OP] call ggml_sycl_op_mul_mat/quantize_row_q8_1_sycl: dst='Vcur-19':type=f32;ne=[1024, 1, 1, 1];nb=[4, 4096, 4096, 4096]	src0='blk.19.attn_v.weight':type=q4_K;ne=[4096, 1024, 1, 1];nb=[144, 2304, 2359296, 2359296]	src1='attn_norm-19':type=f32;ne=[4096, 1, 1, 1];nb=[4, 16384, 16384, 16384] : converting src1 to Q8_1
[SYCL][OP] call ggml_sycl_mul_mat: dst='Kcur-19':type=f32;ne=[1024, 1, 1, 1];nb=[4, 4096, 4096, 4096]	src0='blk.19.attn_k.weight':type=q4_K;ne=[4096, 1024, 1, 1];nb=[144, 2304, 2359296, 2359296]	src1='attn_norm-19':type=f32;ne=[4096, 1, 1, 1];nb=[4, 16384, 16384, 16384]
[SYCL][OP] call ggml_sycl_op_mul_mat/quantize_row_q8_1_sycl: dst='Kcur-19':type=f32;ne=[1024, 1, 1, 1];nb=[4, 4096, 4096, 4096]	src0='blk.19.attn_k.weight':type=q4_K;ne=[4096, 1024, 1, 1];nb=[144, 2304, 2359296, 2359296]	src1='attn_norm-19':type=f32;ne=[4096, 1, 1, 1];nb=[4, 16384, 16384, 16384] : converting src1 to Q8_1
[SYCL][OP] call ggml_sycl_mul_mat: dst='node_1154':type=f32;ne=[4096, 1, 1, 1];nb=[4, 16384, 16384, 16384]	src0='blk.19.attn_output.weight':type=q4_K;ne=[4096, 4096, 1, 1];nb=[144, 2304, 9437184, 9437184]	src1='kqv_out-19':type=f32;ne=[4096, 1, 1, 1];nb=[4, 16384, 16384, 16384]
[SYCL][OP] call ggml_sycl_op_mul_mat/quantize_row_q8_1_sycl: dst='node_1154':type=f32;ne=[4096, 1, 1, 1];nb=[4, 16384, 16384, 16384]	src0='blk.19.attn_output.weight':type=q4_K;ne=[4096, 4096, 1, 1];nb=[144, 2304, 9437184, 9437184]	src1='kqv_out-19':type=f32;ne=[4096, 1, 1, 1];nb=[4, 16384, 16384, 16384] : converting src1 to Q8_1
[SYCL][OP] call ggml_sycl_mul_mat_id: dst='ffn_moe_gate-19':type=f32;ne=[960, 2, 1, 1];nb=[4, 3840, 7680, 7680]	src0='blk.19.ffn_gate_exps.weight':type=q4_K;ne=[4096, 960, 16, 1];nb=[144, 2304, 2211840, 35389440]	src1='ffn_norm-19 (reshaped)':type=f32;ne=[4096, 1, 1, 1];nb=[4, 16384, 16384, 16384]	src2='ffn_moe_topk-19':type=i32;ne=[2, 1, 1, 1];nb=[4, 64, 64, 64]
[SYCL][OP] call ggml_sycl_mul_mat_id done
[SYCL][OP] call ggml_sycl_mul_mat_id: dst='ffn_moe_up-19':type=f32;ne=[960, 2, 1, 1];nb=[4, 3840, 7680, 7680]	src0='blk.19.ffn_up_exps.weight':type=q4_K;ne=[4096, 960, 16, 1];nb=[144, 2304, 2211840, 35389440]	src1='ffn_norm-19 (reshaped)':type=f32;ne=[4096, 1, 1, 1];nb=[4, 16384, 16384, 16384]	src2='ffn_moe_topk-19':type=i32;ne=[2, 1, 1, 1];nb=[4, 64, 64, 64]
[SYCL][OP] call ggml_sycl_mul_mat_id done
[SYCL][OP] call ggml_sycl_mul_mat_id: dst='ffn_moe_down-19':type=f32;ne=[4096, 2, 1, 1];nb=[4, 16384, 32768, 32768]	src0='blk.19.ffn_down_exps.weight':type=q5_0;ne=[960, 4096, 16, 1];nb=[22, 660, 2703360, 43253760]	src1='ffn_moe_swiglu-19':type=f32;ne=[960, 2, 1, 1];nb=[4, 3840, 7680, 7680]	src2='ffn_moe_topk-19':type=i32;ne=[2, 1, 1, 1];nb=[4, 64, 64, 64]
[SYCL][OP] call ggml_sycl_mul_mat_id done
[SYCL][OP] call ggml_sycl_mul_mat: dst='Qcur-20':type=f32;ne=[4096, 1, 1, 1];nb=[4, 16384, 16384, 16384]	src0='blk.20.attn_q.weight':type=q4_K;ne=[4096, 4096, 1, 1];nb=[144, 2304, 9437184, 9437184]	src1='attn_norm-20':type=f32;ne=[4096, 1, 1, 1];nb=[4, 16384, 16384, 16384]
[SYCL][OP] call ggml_sycl_op_mul_mat/quantize_row_q8_1_sycl: dst='Qcur-20':type=f32;ne=[4096, 1, 1, 1];nb=[4, 16384, 16384, 16384]	src0='blk.20.attn_q.weight':type=q4_K;ne=[4096, 4096, 1, 1];nb=[144, 2304, 9437184, 9437184]	src1='attn_norm-20':type=f32;ne=[4096, 1, 1, 1];nb=[4, 16384, 16384, 16384] : converting src1 to Q8_1
[SYCL][OP] call ggml_sycl_mul_mat: dst='Vcur-20':type=f32;ne=[1024, 1, 1, 1];nb=[4, 4096, 4096, 4096]	src0='blk.20.attn_v.weight':type=q4_K;ne=[4096, 1024, 1, 1];nb=[144, 2304, 2359296, 2359296]	src1='attn_norm-20':type=f32;ne=[4096, 1, 1, 1];nb=[4, 16384, 16384, 16384]
[SYCL][OP] call ggml_sycl_op_mul_mat/quantize_row_q8_1_sycl: dst='Vcur-20':type=f32;ne=[1024, 1, 1, 1];nb=[4, 4096, 4096, 4096]	src0='blk.20.attn_v.weight':type=q4_K;ne=[4096, 1024, 1, 1];nb=[144, 2304, 2359296, 2359296]	src1='attn_norm-20':type=f32;ne=[4096, 1, 1, 1];nb=[4, 16384, 16384, 16384] : converting src1 to Q8_1
[SYCL][OP] call ggml_sycl_mul_mat: dst='Kcur-20':type=f32;ne=[1024, 1, 1, 1];nb=[4, 4096, 4096, 4096]	src0='blk.20.attn_k.weight':type=q4_K;ne=[4096, 1024, 1, 1];nb=[144, 2304, 2359296, 2359296]	src1='attn_norm-20':type=f32;ne=[4096, 1, 1, 1];nb=[4, 16384, 16384, 16384]
[SYCL][OP] call ggml_sycl_op_mul_mat/quantize_row_q8_1_sycl: dst='Kcur-20':type=f32;ne=[1024, 1, 1, 1];nb=[4, 4096, 4096, 4096]	src0='blk.20.attn_k.weight':type=q4_K;ne=[4096, 1024, 1, 1];nb=[144, 2304, 2359296, 2359296]	src1='attn_norm-20':type=f32;ne=[4096, 1, 1, 1];nb=[4, 16384, 16384, 16384] : converting src1 to Q8_1
[SYCL][OP] call ggml_sycl_mul_mat: dst='node_1213':type=f32;ne=[4096, 1, 1, 1];nb=[4, 16384, 16384, 16384]	src0='blk.20.attn_output.weight':type=q4_K;ne=[4096, 4096, 1, 1];nb=[144, 2304, 9437184, 9437184]	src1='kqv_out-20':type=f32;ne=[4096, 1, 1, 1];nb=[4, 16384, 16384, 16384]
[SYCL][OP] call ggml_sycl_op_mul_mat/quantize_row_q8_1_sycl: dst='node_1213':type=f32;ne=[4096, 1, 1, 1];nb=[4, 16384, 16384, 16384]	src0='blk.20.attn_output.weight':type=q4_K;ne=[4096, 4096, 1, 1];nb=[144, 2304, 9437184, 9437184]	src1='kqv_out-20':type=f32;ne=[4096, 1, 1, 1];nb=[4, 16384, 16384, 16384] : converting src1 to Q8_1
[SYCL][OP] call ggml_sycl_mul_mat_id: dst='ffn_moe_gate-20':type=f32;ne=[960, 2, 1, 1];nb=[4, 3840, 7680, 7680]	src0='blk.20.ffn_gate_exps.weight':type=q4_K;ne=[4096, 960, 16, 1];nb=[144, 2304, 2211840, 35389440]	src1='ffn_norm-20 (reshaped)':type=f32;ne=[4096, 1, 1, 1];nb=[4, 16384, 16384, 16384]	src2='ffn_moe_topk-20':type=i32;ne=[2, 1, 1, 1];nb=[4, 64, 64, 64]
[SYCL][OP] call ggml_sycl_mul_mat_id done
[SYCL][OP] call ggml_sycl_mul_mat_id: dst='ffn_moe_up-20':type=f32;ne=[960, 2, 1, 1];nb=[4, 3840, 7680, 7680]	src0='blk.20.ffn_up_exps.weight':type=q4_K;ne=[4096, 960, 16, 1];nb=[144, 2304, 2211840, 35389440]	src1='ffn_norm-20 (reshaped)':type=f32;ne=[4096, 1, 1, 1];nb=[4, 16384, 16384, 16384]	src2='ffn_moe_topk-20':type=i32;ne=[2, 1, 1, 1];nb=[4, 64, 64, 64]
[SYCL][OP] call ggml_sycl_mul_mat_id done
[SYCL][OP] call ggml_sycl_mul_mat_id: dst='ffn_moe_down-20':type=f32;ne=[4096, 2, 1, 1];nb=[4, 16384, 32768, 32768]	src0='blk.20.ffn_down_exps.weight':type=q5_0;ne=[960, 4096, 16, 1];nb=[22, 660, 2703360, 43253760]	src1='ffn_moe_swiglu-20':type=f32;ne=[960, 2, 1, 1];nb=[4, 3840, 7680, 7680]	src2='ffn_moe_topk-20':type=i32;ne=[2, 1, 1, 1];nb=[4, 64, 64, 64]
[SYCL][OP] call ggml_sycl_mul_mat_id done
[SYCL][OP] call ggml_sycl_mul_mat: dst='Qcur-21':type=f32;ne=[4096, 1, 1, 1];nb=[4, 16384, 16384, 16384]	src0='blk.21.attn_q.weight':type=q4_K;ne=[4096, 4096, 1, 1];nb=[144, 2304, 9437184, 9437184]	src1='attn_norm-21':type=f32;ne=[4096, 1, 1, 1];nb=[4, 16384, 16384, 16384]
[SYCL][OP] call ggml_sycl_op_mul_mat/quantize_row_q8_1_sycl: dst='Qcur-21':type=f32;ne=[4096, 1, 1, 1];nb=[4, 16384, 16384, 16384]	src0='blk.21.attn_q.weight':type=q4_K;ne=[4096, 4096, 1, 1];nb=[144, 2304, 9437184, 9437184]	src1='attn_norm-21':type=f32;ne=[4096, 1, 1, 1];nb=[4, 16384, 16384, 16384] : converting src1 to Q8_1
[SYCL][OP] call ggml_sycl_mul_mat: dst='Kcur-21':type=f32;ne=[1024, 1, 1, 1];nb=[4, 4096, 4096, 4096]	src0='blk.21.attn_k.weight':type=q4_K;ne=[4096, 1024, 1, 1];nb=[144, 2304, 2359296, 2359296]	src1='attn_norm-21':type=f32;ne=[4096, 1, 1, 1];nb=[4, 16384, 16384, 16384]
[SYCL][OP] call ggml_sycl_op_mul_mat/quantize_row_q8_1_sycl: dst='Kcur-21':type=f32;ne=[1024, 1, 1, 1];nb=[4, 4096, 4096, 4096]	src0='blk.21.attn_k.weight':type=q4_K;ne=[4096, 1024, 1, 1];nb=[144, 2304, 2359296, 2359296]	src1='attn_norm-21':type=f32;ne=[4096, 1, 1, 1];nb=[4, 16384, 16384, 16384] : converting src1 to Q8_1
[SYCL][OP] call ggml_sycl_mul_mat: dst='node_1272':type=f32;ne=[4096, 1, 1, 1];nb=[4, 16384, 16384, 16384]	src0='blk.21.attn_output.weight':type=q4_K;ne=[4096, 4096, 1, 1];nb=[144, 2304, 9437184, 9437184]	src1='kqv_out-21':type=f32;ne=[4096, 1, 1, 1];nb=[4, 16384, 16384, 16384]
[SYCL][OP] call ggml_sycl_op_mul_mat/quantize_row_q8_1_sycl: dst='node_1272':type=f32;ne=[4096, 1, 1, 1];nb=[4, 16384, 16384, 16384]	src0='blk.21.attn_output.weight':type=q4_K;ne=[4096, 4096, 1, 1];nb=[144, 2304, 9437184, 9437184]	src1='kqv_out-21':type=f32;ne=[4096, 1, 1, 1];nb=[4, 16384, 16384, 16384] : converting src1 to Q8_1
[SYCL][OP] call ggml_sycl_mul_mat_id: dst='ffn_moe_gate-21':type=f32;ne=[960, 2, 1, 1];nb=[4, 3840, 7680, 7680]	src0='blk.21.ffn_gate_exps.weight':type=q4_K;ne=[4096, 960, 16, 1];nb=[144, 2304, 2211840, 35389440]	src1='ffn_norm-21 (reshaped)':type=f32;ne=[4096, 1, 1, 1];nb=[4, 16384, 16384, 16384]	src2='ffn_moe_topk-21':type=i32;ne=[2, 1, 1, 1];nb=[4, 64, 64, 64]
[SYCL][OP] call ggml_sycl_mul_mat_id done
[SYCL][OP] call ggml_sycl_mul_mat_id: dst='ffn_moe_up-21':type=f32;ne=[960, 2, 1, 1];nb=[4, 3840, 7680, 7680]	src0='blk.21.ffn_up_exps.weight':type=q4_K;ne=[4096, 960, 16, 1];nb=[144, 2304, 2211840, 35389440]	src1='ffn_norm-21 (reshaped)':type=f32;ne=[4096, 1, 1, 1];nb=[4, 16384, 16384, 16384]	src2='ffn_moe_topk-21':type=i32;ne=[2, 1, 1, 1];nb=[4, 64, 64, 64]
[SYCL][OP] call ggml_sycl_mul_mat_id done
[SYCL][OP] call ggml_sycl_mul_mat_id: dst='ffn_moe_down-21':type=f32;ne=[4096, 2, 1, 1];nb=[4, 16384, 32768, 32768]	src0='blk.21.ffn_down_exps.weight':type=q8_0;ne=[960, 4096, 16, 1];nb=[34, 1020, 4177920, 66846720]	src1='ffn_moe_swiglu-21':type=f32;ne=[960, 2, 1, 1];nb=[4, 3840, 7680, 7680]	src2='ffn_moe_topk-21':type=i32;ne=[2, 1, 1, 1];nb=[4, 64, 64, 64]
[SYCL][OP] call ggml_sycl_mul_mat_id done
[SYCL][OP] call ggml_sycl_mul_mat: dst='Qcur-22':type=f32;ne=[4096, 1, 1, 1];nb=[4, 16384, 16384, 16384]	src0='blk.22.attn_q.weight':type=q4_K;ne=[4096, 4096, 1, 1];nb=[144, 2304, 9437184, 9437184]	src1='attn_norm-22':type=f32;ne=[4096, 1, 1, 1];nb=[4, 16384, 16384, 16384]
[SYCL][OP] call ggml_sycl_op_mul_mat/quantize_row_q8_1_sycl: dst='Qcur-22':type=f32;ne=[4096, 1, 1, 1];nb=[4, 16384, 16384, 16384]	src0='blk.22.attn_q.weight':type=q4_K;ne=[4096, 4096, 1, 1];nb=[144, 2304, 9437184, 9437184]	src1='attn_norm-22':type=f32;ne=[4096, 1, 1, 1];nb=[4, 16384, 16384, 16384] : converting src1 to Q8_1
[SYCL][OP] call ggml_sycl_mul_mat: dst='Vcur-22':type=f32;ne=[1024, 1, 1, 1];nb=[4, 4096, 4096, 4096]	src0='blk.22.attn_v.weight':type=q4_K;ne=[4096, 1024, 1, 1];nb=[144, 2304, 2359296, 2359296]	src1='attn_norm-22':type=f32;ne=[4096, 1, 1, 1];nb=[4, 16384, 16384, 16384]
[SYCL][OP] call ggml_sycl_op_mul_mat/quantize_row_q8_1_sycl: dst='Vcur-22':type=f32;ne=[1024, 1, 1, 1];nb=[4, 4096, 4096, 4096]	src0='blk.22.attn_v.weight':type=q4_K;ne=[4096, 1024, 1, 1];nb=[144, 2304, 2359296, 2359296]	src1='attn_norm-22':type=f32;ne=[4096, 1, 1, 1];nb=[4, 16384, 16384, 16384] : converting src1 to Q8_1
[SYCL][OP] call ggml_sycl_mul_mat: dst='Kcur-22':type=f32;ne=[1024, 1, 1, 1];nb=[4, 4096, 4096, 4096]	src0='blk.22.attn_k.weight':type=q4_K;ne=[4096, 1024, 1, 1];nb=[144, 2304, 2359296, 2359296]	src1='attn_norm-22':type=f32;ne=[4096, 1, 1, 1];nb=[4, 16384, 16384, 16384]
[SYCL][OP] call ggml_sycl_op_mul_mat/quantize_row_q8_1_sycl: dst='Kcur-22':type=f32;ne=[1024, 1, 1, 1];nb=[4, 4096, 4096, 4096]	src0='blk.22.attn_k.weight':type=q4_K;ne=[4096, 1024, 1, 1];nb=[144, 2304, 2359296, 2359296]	src1='attn_norm-22':type=f32;ne=[4096, 1, 1, 1];nb=[4, 16384, 16384, 16384] : converting src1 to Q8_1
[SYCL][OP] call ggml_sycl_mul_mat: dst='node_1331':type=f32;ne=[4096, 1, 1, 1];nb=[4, 16384, 16384, 16384]	src0='blk.22.attn_output.weight':type=q4_K;ne=[4096, 4096, 1, 1];nb=[144, 2304, 9437184, 9437184]	src1='kqv_out-22':type=f32;ne=[4096, 1, 1, 1];nb=[4, 16384, 16384, 16384]
[SYCL][OP] call ggml_sycl_op_mul_mat/quantize_row_q8_1_sycl: dst='node_1331':type=f32;ne=[4096, 1, 1, 1];nb=[4, 16384, 16384, 16384]	src0='blk.22.attn_output.weight':type=q4_K;ne=[4096, 4096, 1, 1];nb=[144, 2304, 9437184, 9437184]	src1='kqv_out-22':type=f32;ne=[4096, 1, 1, 1];nb=[4, 16384, 16384, 16384] : converting src1 to Q8_1
[SYCL][OP] call ggml_sycl_mul_mat_id: dst='ffn_moe_gate-22':type=f32;ne=[960, 2, 1, 1];nb=[4, 3840, 7680, 7680]	src0='blk.22.ffn_gate_exps.weight':type=q4_K;ne=[4096, 960, 16, 1];nb=[144, 2304, 2211840, 35389440]	src1='ffn_norm-22 (reshaped)':type=f32;ne=[4096, 1, 1, 1];nb=[4, 16384, 16384, 16384]	src2='ffn_moe_topk-22':type=i32;ne=[2, 1, 1, 1];nb=[4, 64, 64, 64]
[SYCL][OP] call ggml_sycl_mul_mat_id done
[SYCL][OP] call ggml_sycl_mul_mat_id: dst='ffn_moe_up-22':type=f32;ne=[960, 2, 1, 1];nb=[4, 3840, 7680, 7680]	src0='blk.22.ffn_up_exps.weight':type=q4_K;ne=[4096, 960, 16, 1];nb=[144, 2304, 2211840, 35389440]	src1='ffn_norm-22 (reshaped)':type=f32;ne=[4096, 1, 1, 1];nb=[4, 16384, 16384, 16384]	src2='ffn_moe_topk-22':type=i32;ne=[2, 1, 1, 1];nb=[4, 64, 64, 64]
[SYCL][OP] call ggml_sycl_mul_mat_id done
[SYCL][OP] call ggml_sycl_mul_mat_id: dst='ffn_moe_down-22':type=f32;ne=[4096, 2, 1, 1];nb=[4, 16384, 32768, 32768]	src0='blk.22.ffn_down_exps.weight':type=q5_0;ne=[960, 4096, 16, 1];nb=[22, 660, 2703360, 43253760]	src1='ffn_moe_swiglu-22':type=f32;ne=[960, 2, 1, 1];nb=[4, 3840, 7680, 7680]	src2='ffn_moe_topk-22':type=i32;ne=[2, 1, 1, 1];nb=[4, 64, 64, 64]
[SYCL][OP] call ggml_sycl_mul_mat_id done
[SYCL][OP] call ggml_sycl_mul_mat: dst='Qcur-23':type=f32;ne=[4096, 1, 1, 1];nb=[4, 16384, 16384, 16384]	src0='blk.23.attn_q.weight':type=q4_K;ne=[4096, 4096, 1, 1];nb=[144, 2304, 9437184, 9437184]	src1='attn_norm-23':type=f32;ne=[4096, 1, 1, 1];nb=[4, 16384, 16384, 16384]
[SYCL][OP] call ggml_sycl_op_mul_mat/quantize_row_q8_1_sycl: dst='Qcur-23':type=f32;ne=[4096, 1, 1, 1];nb=[4, 16384, 16384, 16384]	src0='blk.23.attn_q.weight':type=q4_K;ne=[4096, 4096, 1, 1];nb=[144, 2304, 9437184, 9437184]	src1='attn_norm-23':type=f32;ne=[4096, 1, 1, 1];nb=[4, 16384, 16384, 16384] : converting src1 to Q8_1
[SYCL][OP] call ggml_sycl_mul_mat: dst='Vcur-23':type=f32;ne=[1024, 1, 1, 1];nb=[4, 4096, 4096, 4096]	src0='blk.23.attn_v.weight':type=q4_K;ne=[4096, 1024, 1, 1];nb=[144, 2304, 2359296, 2359296]	src1='attn_norm-23':type=f32;ne=[4096, 1, 1, 1];nb=[4, 16384, 16384, 16384]
[SYCL][OP] call ggml_sycl_op_mul_mat/quantize_row_q8_1_sycl: dst='Vcur-23':type=f32;ne=[1024, 1, 1, 1];nb=[4, 4096, 4096, 4096]	src0='blk.23.attn_v.weight':type=q4_K;ne=[4096, 1024, 1, 1];nb=[144, 2304, 2359296, 2359296]	src1='attn_norm-23':type=f32;ne=[4096, 1, 1, 1];nb=[4, 16384, 16384, 16384] : converting src1 to Q8_1
[SYCL][OP] call ggml_sycl_mul_mat: dst='Kcur-23':type=f32;ne=[1024, 1, 1, 1];nb=[4, 4096, 4096, 4096]	src0='blk.23.attn_k.weight':type=q4_K;ne=[4096, 1024, 1, 1];nb=[144, 2304, 2359296, 2359296]	src1='attn_norm-23':type=f32;ne=[4096, 1, 1, 1];nb=[4, 16384, 16384, 16384]
[SYCL][OP] call ggml_sycl_op_mul_mat/quantize_row_q8_1_sycl: dst='Kcur-23':type=f32;ne=[1024, 1, 1, 1];nb=[4, 4096, 4096, 4096]	src0='blk.23.attn_k.weight':type=q4_K;ne=[4096, 1024, 1, 1];nb=[144, 2304, 2359296, 2359296]	src1='attn_norm-23':type=f32;ne=[4096, 1, 1, 1];nb=[4, 16384, 16384, 16384] : converting src1 to Q8_1
[SYCL][OP] call ggml_sycl_mul_mat: dst='node_1390':type=f32;ne=[4096, 1, 1, 1];nb=[4, 16384, 16384, 16384]	src0='blk.23.attn_output.weight':type=q4_K;ne=[4096, 4096, 1, 1];nb=[144, 2304, 9437184, 9437184]	src1='kqv_out-23':type=f32;ne=[4096, 1, 1, 1];nb=[4, 16384, 16384, 16384]
[SYCL][OP] call ggml_sycl_op_mul_mat/quantize_row_q8_1_sycl: dst='node_1390':type=f32;ne=[4096, 1, 1, 1];nb=[4, 16384, 16384, 16384]	src0='blk.23.attn_output.weight':type=q4_K;ne=[4096, 4096, 1, 1];nb=[144, 2304, 9437184, 9437184]	src1='kqv_out-23':type=f32;ne=[4096, 1, 1, 1];nb=[4, 16384, 16384, 16384] : converting src1 to Q8_1
[SYCL][OP] call ggml_sycl_mul_mat_id: dst='ffn_moe_gate-23':type=f32;ne=[960, 2, 1, 1];nb=[4, 3840, 7680, 7680]	src0='blk.23.ffn_gate_exps.weight':type=q4_K;ne=[4096, 960, 16, 1];nb=[144, 2304, 2211840, 35389440]	src1='ffn_norm-23 (reshaped)':type=f32;ne=[4096, 1, 1, 1];nb=[4, 16384, 16384, 16384]	src2='ffn_moe_topk-23':type=i32;ne=[2, 1, 1, 1];nb=[4, 64, 64, 64]
[SYCL][OP] call ggml_sycl_mul_mat_id done
[SYCL][OP] call ggml_sycl_mul_mat_id: dst='ffn_moe_up-23':type=f32;ne=[960, 2, 1, 1];nb=[4, 3840, 7680, 7680]	src0='blk.23.ffn_up_exps.weight':type=q4_K;ne=[4096, 960, 16, 1];nb=[144, 2304, 2211840, 35389440]	src1='ffn_norm-23 (reshaped)':type=f32;ne=[4096, 1, 1, 1];nb=[4, 16384, 16384, 16384]	src2='ffn_moe_topk-23':type=i32;ne=[2, 1, 1, 1];nb=[4, 64, 64, 64]
[SYCL][OP] call ggml_sycl_mul_mat_id done
[SYCL][OP] call ggml_sycl_mul_mat_id: dst='ffn_moe_down-23':type=f32;ne=[4096, 2, 1, 1];nb=[4, 16384, 32768, 32768]	src0='blk.23.ffn_down_exps.weight':type=q5_0;ne=[960, 4096, 16, 1];nb=[22, 660, 2703360, 43253760]	src1='ffn_moe_swiglu-23':type=f32;ne=[960, 2, 1, 1];nb=[4, 3840, 7680, 7680]	src2='ffn_moe_topk-23':type=i32;ne=[2, 1, 1, 1];nb=[4, 64, 64, 64]
[SYCL][OP] call ggml_sycl_mul_mat_id done
[SYCL][OP] call ggml_sycl_mul_mat: dst='Qcur-24':type=f32;ne=[4096, 1, 1, 1];nb=[4, 16384, 16384, 16384]	src0='blk.24.attn_q.weight':type=q4_K;ne=[4096, 4096, 1, 1];nb=[144, 2304, 9437184, 9437184]	src1='attn_norm-24':type=f32;ne=[4096, 1, 1, 1];nb=[4, 16384, 16384, 16384]
[SYCL][OP] call ggml_sycl_op_mul_mat/quantize_row_q8_1_sycl: dst='Qcur-24':type=f32;ne=[4096, 1, 1, 1];nb=[4, 16384, 16384, 16384]	src0='blk.24.attn_q.weight':type=q4_K;ne=[4096, 4096, 1, 1];nb=[144, 2304, 9437184, 9437184]	src1='attn_norm-24':type=f32;ne=[4096, 1, 1, 1];nb=[4, 16384, 16384, 16384] : converting src1 to Q8_1
[SYCL][OP] call ggml_sycl_mul_mat: dst='Kcur-24':type=f32;ne=[1024, 1, 1, 1];nb=[4, 4096, 4096, 4096]	src0='blk.24.attn_k.weight':type=q4_K;ne=[4096, 1024, 1, 1];nb=[144, 2304, 2359296, 2359296]	src1='attn_norm-24':type=f32;ne=[4096, 1, 1, 1];nb=[4, 16384, 16384, 16384]
[SYCL][OP] call ggml_sycl_op_mul_mat/quantize_row_q8_1_sycl: dst='Kcur-24':type=f32;ne=[1024, 1, 1, 1];nb=[4, 4096, 4096, 4096]	src0='blk.24.attn_k.weight':type=q4_K;ne=[4096, 1024, 1, 1];nb=[144, 2304, 2359296, 2359296]	src1='attn_norm-24':type=f32;ne=[4096, 1, 1, 1];nb=[4, 16384, 16384, 16384] : converting src1 to Q8_1
[SYCL][OP] call ggml_sycl_mul_mat: dst='node_1449':type=f32;ne=[4096, 1, 1, 1];nb=[4, 16384, 16384, 16384]	src0='blk.24.attn_output.weight':type=q4_K;ne=[4096, 4096, 1, 1];nb=[144, 2304, 9437184, 9437184]	src1='kqv_out-24':type=f32;ne=[4096, 1, 1, 1];nb=[4, 16384, 16384, 16384]
[SYCL][OP] call ggml_sycl_op_mul_mat/quantize_row_q8_1_sycl: dst='node_1449':type=f32;ne=[4096, 1, 1, 1];nb=[4, 16384, 16384, 16384]	src0='blk.24.attn_output.weight':type=q4_K;ne=[4096, 4096, 1, 1];nb=[144, 2304, 9437184, 9437184]	src1='kqv_out-24':type=f32;ne=[4096, 1, 1, 1];nb=[4, 16384, 16384, 16384] : converting src1 to Q8_1
[SYCL][OP] call ggml_sycl_mul_mat_id: dst='ffn_moe_gate-24':type=f32;ne=[960, 2, 1, 1];nb=[4, 3840, 7680, 7680]	src0='blk.24.ffn_gate_exps.weight':type=q4_K;ne=[4096, 960, 16, 1];nb=[144, 2304, 2211840, 35389440]	src1='ffn_norm-24 (reshaped)':type=f32;ne=[4096, 1, 1, 1];nb=[4, 16384, 16384, 16384]	src2='ffn_moe_topk-24':type=i32;ne=[2, 1, 1, 1];nb=[4, 64, 64, 64]
[SYCL][OP] call ggml_sycl_mul_mat_id done
[SYCL][OP] call ggml_sycl_mul_mat_id: dst='ffn_moe_up-24':type=f32;ne=[960, 2, 1, 1];nb=[4, 3840, 7680, 7680]	src0='blk.24.ffn_up_exps.weight':type=q4_K;ne=[4096, 960, 16, 1];nb=[144, 2304, 2211840, 35389440]	src1='ffn_norm-24 (reshaped)':type=f32;ne=[4096, 1, 1, 1];nb=[4, 16384, 16384, 16384]	src2='ffn_moe_topk-24':type=i32;ne=[2, 1, 1, 1];nb=[4, 64, 64, 64]
[SYCL][OP] call ggml_sycl_mul_mat_id done
[SYCL][OP] call ggml_sycl_mul_mat_id: dst='ffn_moe_down-24':type=f32;ne=[4096, 2, 1, 1];nb=[4, 16384, 32768, 32768]	src0='blk.24.ffn_down_exps.weight':type=q8_0;ne=[960, 4096, 16, 1];nb=[34, 1020, 4177920, 66846720]	src1='ffn_moe_swiglu-24':type=f32;ne=[960, 2, 1, 1];nb=[4, 3840, 7680, 7680]	src2='ffn_moe_topk-24':type=i32;ne=[2, 1, 1, 1];nb=[4, 64, 64, 64]
[SYCL][OP] call ggml_sycl_mul_mat_id done
[SYCL][OP] call ggml_sycl_mul_mat: dst='Qcur-25':type=f32;ne=[4096, 1, 1, 1];nb=[4, 16384, 16384, 16384]	src0='blk.25.attn_q.weight':type=q4_K;ne=[4096, 4096, 1, 1];nb=[144, 2304, 9437184, 9437184]	src1='attn_norm-25':type=f32;ne=[4096, 1, 1, 1];nb=[4, 16384, 16384, 16384]
[SYCL][OP] call ggml_sycl_op_mul_mat/quantize_row_q8_1_sycl: dst='Qcur-25':type=f32;ne=[4096, 1, 1, 1];nb=[4, 16384, 16384, 16384]	src0='blk.25.attn_q.weight':type=q4_K;ne=[4096, 4096, 1, 1];nb=[144, 2304, 9437184, 9437184]	src1='attn_norm-25':type=f32;ne=[4096, 1, 1, 1];nb=[4, 16384, 16384, 16384] : converting src1 to Q8_1
[SYCL][OP] call ggml_sycl_mul_mat: dst='Vcur-25':type=f32;ne=[1024, 1, 1, 1];nb=[4, 4096, 4096, 4096]	src0='blk.25.attn_v.weight':type=q4_K;ne=[4096, 1024, 1, 1];nb=[144, 2304, 2359296, 2359296]	src1='attn_norm-25':type=f32;ne=[4096, 1, 1, 1];nb=[4, 16384, 16384, 16384]
[SYCL][OP] call ggml_sycl_op_mul_mat/quantize_row_q8_1_sycl: dst='Vcur-25':type=f32;ne=[1024, 1, 1, 1];nb=[4, 4096, 4096, 4096]	src0='blk.25.attn_v.weight':type=q4_K;ne=[4096, 1024, 1, 1];nb=[144, 2304, 2359296, 2359296]	src1='attn_norm-25':type=f32;ne=[4096, 1, 1, 1];nb=[4, 16384, 16384, 16384] : converting src1 to Q8_1
[SYCL][OP] call ggml_sycl_mul_mat: dst='Kcur-25':type=f32;ne=[1024, 1, 1, 1];nb=[4, 4096, 4096, 4096]	src0='blk.25.attn_k.weight':type=q4_K;ne=[4096, 1024, 1, 1];nb=[144, 2304, 2359296, 2359296]	src1='attn_norm-25':type=f32;ne=[4096, 1, 1, 1];nb=[4, 16384, 16384, 16384]
[SYCL][OP] call ggml_sycl_op_mul_mat/quantize_row_q8_1_sycl: dst='Kcur-25':type=f32;ne=[1024, 1, 1, 1];nb=[4, 4096, 4096, 4096]	src0='blk.25.attn_k.weight':type=q4_K;ne=[4096, 1024, 1, 1];nb=[144, 2304, 2359296, 2359296]	src1='attn_norm-25':type=f32;ne=[4096, 1, 1, 1];nb=[4, 16384, 16384, 16384] : converting src1 to Q8_1
[SYCL][OP] call ggml_sycl_mul_mat: dst='node_1508':type=f32;ne=[4096, 1, 1, 1];nb=[4, 16384, 16384, 16384]	src0='blk.25.attn_output.weight':type=q4_K;ne=[4096, 4096, 1, 1];nb=[144, 2304, 9437184, 9437184]	src1='kqv_out-25':type=f32;ne=[4096, 1, 1, 1];nb=[4, 16384, 16384, 16384]
[SYCL][OP] call ggml_sycl_op_mul_mat/quantize_row_q8_1_sycl: dst='node_1508':type=f32;ne=[4096, 1, 1, 1];nb=[4, 16384, 16384, 16384]	src0='blk.25.attn_output.weight':type=q4_K;ne=[4096, 4096, 1, 1];nb=[144, 2304, 9437184, 9437184]	src1='kqv_out-25':type=f32;ne=[4096, 1, 1, 1];nb=[4, 16384, 16384, 16384] : converting src1 to Q8_1
[SYCL][OP] call ggml_sycl_mul_mat_id: dst='ffn_moe_gate-25':type=f32;ne=[960, 2, 1, 1];nb=[4, 3840, 7680, 7680]	src0='blk.25.ffn_gate_exps.weight':type=q4_K;ne=[4096, 960, 16, 1];nb=[144, 2304, 2211840, 35389440]	src1='ffn_norm-25 (reshaped)':type=f32;ne=[4096, 1, 1, 1];nb=[4, 16384, 16384, 16384]	src2='ffn_moe_topk-25':type=i32;ne=[2, 1, 1, 1];nb=[4, 64, 64, 64]
[SYCL][OP] call ggml_sycl_mul_mat_id done
[SYCL][OP] call ggml_sycl_mul_mat_id: dst='ffn_moe_up-25':type=f32;ne=[960, 2, 1, 1];nb=[4, 3840, 7680, 7680]	src0='blk.25.ffn_up_exps.weight':type=q4_K;ne=[4096, 960, 16, 1];nb=[144, 2304, 2211840, 35389440]	src1='ffn_norm-25 (reshaped)':type=f32;ne=[4096, 1, 1, 1];nb=[4, 16384, 16384, 16384]	src2='ffn_moe_topk-25':type=i32;ne=[2, 1, 1, 1];nb=[4, 64, 64, 64]
[SYCL][OP] call ggml_sycl_mul_mat_id done
[SYCL][OP] call ggml_sycl_mul_mat_id: dst='ffn_moe_down-25':type=f32;ne=[4096, 2, 1, 1];nb=[4, 16384, 32768, 32768]	src0='blk.25.ffn_down_exps.weight':type=q5_0;ne=[960, 4096, 16, 1];nb=[22, 660, 2703360, 43253760]	src1='ffn_moe_swiglu-25':type=f32;ne=[960, 2, 1, 1];nb=[4, 3840, 7680, 7680]	src2='ffn_moe_topk-25':type=i32;ne=[2, 1, 1, 1];nb=[4, 64, 64, 64]
[SYCL][OP] call ggml_sycl_mul_mat_id done
[SYCL][OP] call ggml_sycl_mul_mat: dst='Qcur-26':type=f32;ne=[4096, 1, 1, 1];nb=[4, 16384, 16384, 16384]	src0='blk.26.attn_q.weight':type=q4_K;ne=[4096, 4096, 1, 1];nb=[144, 2304, 9437184, 9437184]	src1='attn_norm-26':type=f32;ne=[4096, 1, 1, 1];nb=[4, 16384, 16384, 16384]
[SYCL][OP] call ggml_sycl_op_mul_mat/quantize_row_q8_1_sycl: dst='Qcur-26':type=f32;ne=[4096, 1, 1, 1];nb=[4, 16384, 16384, 16384]	src0='blk.26.attn_q.weight':type=q4_K;ne=[4096, 4096, 1, 1];nb=[144, 2304, 9437184, 9437184]	src1='attn_norm-26':type=f32;ne=[4096, 1, 1, 1];nb=[4, 16384, 16384, 16384] : converting src1 to Q8_1
[SYCL][OP] call ggml_sycl_mul_mat: dst='Vcur-26':type=f32;ne=[1024, 1, 1, 1];nb=[4, 4096, 4096, 4096]	src0='blk.26.attn_v.weight':type=q4_K;ne=[4096, 1024, 1, 1];nb=[144, 2304, 2359296, 2359296]	src1='attn_norm-26':type=f32;ne=[4096, 1, 1, 1];nb=[4, 16384, 16384, 16384]
[SYCL][OP] call ggml_sycl_op_mul_mat/quantize_row_q8_1_sycl: dst='Vcur-26':type=f32;ne=[1024, 1, 1, 1];nb=[4, 4096, 4096, 4096]	src0='blk.26.attn_v.weight':type=q4_K;ne=[4096, 1024, 1, 1];nb=[144, 2304, 2359296, 2359296]	src1='attn_norm-26':type=f32;ne=[4096, 1, 1, 1];nb=[4, 16384, 16384, 16384] : converting src1 to Q8_1
[SYCL][OP] call ggml_sycl_mul_mat: dst='Kcur-26':type=f32;ne=[1024, 1, 1, 1];nb=[4, 4096, 4096, 4096]	src0='blk.26.attn_k.weight':type=q4_K;ne=[4096, 1024, 1, 1];nb=[144, 2304, 2359296, 2359296]	src1='attn_norm-26':type=f32;ne=[4096, 1, 1, 1];nb=[4, 16384, 16384, 16384]
[SYCL][OP] call ggml_sycl_op_mul_mat/quantize_row_q8_1_sycl: dst='Kcur-26':type=f32;ne=[1024, 1, 1, 1];nb=[4, 4096, 4096, 4096]	src0='blk.26.attn_k.weight':type=q4_K;ne=[4096, 1024, 1, 1];nb=[144, 2304, 2359296, 2359296]	src1='attn_norm-26':type=f32;ne=[4096, 1, 1, 1];nb=[4, 16384, 16384, 16384] : converting src1 to Q8_1
[SYCL][OP] call ggml_sycl_mul_mat: dst='node_1567':type=f32;ne=[4096, 1, 1, 1];nb=[4, 16384, 16384, 16384]	src0='blk.26.attn_output.weight':type=q4_K;ne=[4096, 4096, 1, 1];nb=[144, 2304, 9437184, 9437184]	src1='kqv_out-26':type=f32;ne=[4096, 1, 1, 1];nb=[4, 16384, 16384, 16384]
[SYCL][OP] call ggml_sycl_op_mul_mat/quantize_row_q8_1_sycl: dst='node_1567':type=f32;ne=[4096, 1, 1, 1];nb=[4, 16384, 16384, 16384]	src0='blk.26.attn_output.weight':type=q4_K;ne=[4096, 4096, 1, 1];nb=[144, 2304, 9437184, 9437184]	src1='kqv_out-26':type=f32;ne=[4096, 1, 1, 1];nb=[4, 16384, 16384, 16384] : converting src1 to Q8_1
[SYCL][OP] call ggml_sycl_mul_mat_id: dst='ffn_moe_gate-26':type=f32;ne=[960, 2, 1, 1];nb=[4, 3840, 7680, 7680]	src0='blk.26.ffn_gate_exps.weight':type=q4_K;ne=[4096, 960, 16, 1];nb=[144, 2304, 2211840, 35389440]	src1='ffn_norm-26 (reshaped)':type=f32;ne=[4096, 1, 1, 1];nb=[4, 16384, 16384, 16384]	src2='ffn_moe_topk-26':type=i32;ne=[2, 1, 1, 1];nb=[4, 64, 64, 64]
[SYCL][OP] call ggml_sycl_mul_mat_id done
[SYCL][OP] call ggml_sycl_mul_mat_id: dst='ffn_moe_up-26':type=f32;ne=[960, 2, 1, 1];nb=[4, 3840, 7680, 7680]	src0='blk.26.ffn_up_exps.weight':type=q4_K;ne=[4096, 960, 16, 1];nb=[144, 2304, 2211840, 35389440]	src1='ffn_norm-26 (reshaped)':type=f32;ne=[4096, 1, 1, 1];nb=[4, 16384, 16384, 16384]	src2='ffn_moe_topk-26':type=i32;ne=[2, 1, 1, 1];nb=[4, 64, 64, 64]
[SYCL][OP] call ggml_sycl_mul_mat_id done
[SYCL][OP] call ggml_sycl_mul_mat_id: dst='ffn_moe_down-26':type=f32;ne=[4096, 2, 1, 1];nb=[4, 16384, 32768, 32768]	src0='blk.26.ffn_down_exps.weight':type=q5_0;ne=[960, 4096, 16, 1];nb=[22, 660, 2703360, 43253760]	src1='ffn_moe_swiglu-26':type=f32;ne=[960, 2, 1, 1];nb=[4, 3840, 7680, 7680]	src2='ffn_moe_topk-26':type=i32;ne=[2, 1, 1, 1];nb=[4, 64, 64, 64]
[SYCL][OP] call ggml_sycl_mul_mat_id done
[SYCL][OP] call ggml_sycl_mul_mat: dst='Qcur-27':type=f32;ne=[4096, 1, 1, 1];nb=[4, 16384, 16384, 16384]	src0='blk.27.attn_q.weight':type=q4_K;ne=[4096, 4096, 1, 1];nb=[144, 2304, 9437184, 9437184]	src1='attn_norm-27':type=f32;ne=[4096, 1, 1, 1];nb=[4, 16384, 16384, 16384]
[SYCL][OP] call ggml_sycl_op_mul_mat/quantize_row_q8_1_sycl: dst='Qcur-27':type=f32;ne=[4096, 1, 1, 1];nb=[4, 16384, 16384, 16384]	src0='blk.27.attn_q.weight':type=q4_K;ne=[4096, 4096, 1, 1];nb=[144, 2304, 9437184, 9437184]	src1='attn_norm-27':type=f32;ne=[4096, 1, 1, 1];nb=[4, 16384, 16384, 16384] : converting src1 to Q8_1
[SYCL][OP] call ggml_sycl_mul_mat: dst='Kcur-27':type=f32;ne=[1024, 1, 1, 1];nb=[4, 4096, 4096, 4096]	src0='blk.27.attn_k.weight':type=q4_K;ne=[4096, 1024, 1, 1];nb=[144, 2304, 2359296, 2359296]	src1='attn_norm-27':type=f32;ne=[4096, 1, 1, 1];nb=[4, 16384, 16384, 16384]
[SYCL][OP] call ggml_sycl_op_mul_mat/quantize_row_q8_1_sycl: dst='Kcur-27':type=f32;ne=[1024, 1, 1, 1];nb=[4, 4096, 4096, 4096]	src0='blk.27.attn_k.weight':type=q4_K;ne=[4096, 1024, 1, 1];nb=[144, 2304, 2359296, 2359296]	src1='attn_norm-27':type=f32;ne=[4096, 1, 1, 1];nb=[4, 16384, 16384, 16384] : converting src1 to Q8_1
[SYCL][OP] call ggml_sycl_mul_mat: dst='node_1626':type=f32;ne=[4096, 1, 1, 1];nb=[4, 16384, 16384, 16384]	src0='blk.27.attn_output.weight':type=q4_K;ne=[4096, 4096, 1, 1];nb=[144, 2304, 9437184, 9437184]	src1='kqv_out-27':type=f32;ne=[4096, 1, 1, 1];nb=[4, 16384, 16384, 16384]
[SYCL][OP] call ggml_sycl_op_mul_mat/quantize_row_q8_1_sycl: dst='node_1626':type=f32;ne=[4096, 1, 1, 1];nb=[4, 16384, 16384, 16384]	src0='blk.27.attn_output.weight':type=q4_K;ne=[4096, 4096, 1, 1];nb=[144, 2304, 9437184, 9437184]	src1='kqv_out-27':type=f32;ne=[4096, 1, 1, 1];nb=[4, 16384, 16384, 16384] : converting src1 to Q8_1
[SYCL][OP] call ggml_sycl_mul_mat_id: dst='ffn_moe_gate-27':type=f32;ne=[960, 2, 1, 1];nb=[4, 3840, 7680, 7680]	src0='blk.27.ffn_gate_exps.weight':type=q4_K;ne=[4096, 960, 16, 1];nb=[144, 2304, 2211840, 35389440]	src1='ffn_norm-27 (reshaped)':type=f32;ne=[4096, 1, 1, 1];nb=[4, 16384, 16384, 16384]	src2='ffn_moe_topk-27':type=i32;ne=[2, 1, 1, 1];nb=[4, 64, 64, 64]
[SYCL][OP] call ggml_sycl_mul_mat_id done
[SYCL][OP] call ggml_sycl_mul_mat_id: dst='ffn_moe_up-27':type=f32;ne=[960, 2, 1, 1];nb=[4, 3840, 7680, 7680]	src0='blk.27.ffn_up_exps.weight':type=q4_K;ne=[4096, 960, 16, 1];nb=[144, 2304, 2211840, 35389440]	src1='ffn_norm-27 (reshaped)':type=f32;ne=[4096, 1, 1, 1];nb=[4, 16384, 16384, 16384]	src2='ffn_moe_topk-27':type=i32;ne=[2, 1, 1, 1];nb=[4, 64, 64, 64]
[SYCL][OP] call ggml_sycl_mul_mat_id done
[SYCL][OP] call ggml_sycl_mul_mat_id: dst='ffn_moe_down-27':type=f32;ne=[4096, 2, 1, 1];nb=[4, 16384, 32768, 32768]	src0='blk.27.ffn_down_exps.weight':type=q8_0;ne=[960, 4096, 16, 1];nb=[34, 1020, 4177920, 66846720]	src1='ffn_moe_swiglu-27':type=f32;ne=[960, 2, 1, 1];nb=[4, 3840, 7680, 7680]	src2='ffn_moe_topk-27':type=i32;ne=[2, 1, 1, 1];nb=[4, 64, 64, 64]
[SYCL][OP] call ggml_sycl_mul_mat_id done
[SYCL][OP] call ggml_sycl_mul_mat: dst='Qcur-28':type=f32;ne=[4096, 1, 1, 1];nb=[4, 16384, 16384, 16384]	src0='blk.28.attn_q.weight':type=q4_K;ne=[4096, 4096, 1, 1];nb=[144, 2304, 9437184, 9437184]	src1='attn_norm-28':type=f32;ne=[4096, 1, 1, 1];nb=[4, 16384, 16384, 16384]
[SYCL][OP] call ggml_sycl_op_mul_mat/quantize_row_q8_1_sycl: dst='Qcur-28':type=f32;ne=[4096, 1, 1, 1];nb=[4, 16384, 16384, 16384]	src0='blk.28.attn_q.weight':type=q4_K;ne=[4096, 4096, 1, 1];nb=[144, 2304, 9437184, 9437184]	src1='attn_norm-28':type=f32;ne=[4096, 1, 1, 1];nb=[4, 16384, 16384, 16384] : converting src1 to Q8_1
[SYCL][OP] call ggml_sycl_mul_mat: dst='Kcur-28':type=f32;ne=[1024, 1, 1, 1];nb=[4, 4096, 4096, 4096]	src0='blk.28.attn_k.weight':type=q4_K;ne=[4096, 1024, 1, 1];nb=[144, 2304, 2359296, 2359296]	src1='attn_norm-28':type=f32;ne=[4096, 1, 1, 1];nb=[4, 16384, 16384, 16384]
[SYCL][OP] call ggml_sycl_op_mul_mat/quantize_row_q8_1_sycl: dst='Kcur-28':type=f32;ne=[1024, 1, 1, 1];nb=[4, 4096, 4096, 4096]	src0='blk.28.attn_k.weight':type=q4_K;ne=[4096, 1024, 1, 1];nb=[144, 2304, 2359296, 2359296]	src1='attn_norm-28':type=f32;ne=[4096, 1, 1, 1];nb=[4, 16384, 16384, 16384] : converting src1 to Q8_1
[SYCL][OP] call ggml_sycl_mul_mat: dst='node_1685':type=f32;ne=[4096, 1, 1, 1];nb=[4, 16384, 16384, 16384]	src0='blk.28.attn_output.weight':type=q4_K;ne=[4096, 4096, 1, 1];nb=[144, 2304, 9437184, 9437184]	src1='kqv_out-28':type=f32;ne=[4096, 1, 1, 1];nb=[4, 16384, 16384, 16384]
[SYCL][OP] call ggml_sycl_op_mul_mat/quantize_row_q8_1_sycl: dst='node_1685':type=f32;ne=[4096, 1, 1, 1];nb=[4, 16384, 16384, 16384]	src0='blk.28.attn_output.weight':type=q4_K;ne=[4096, 4096, 1, 1];nb=[144, 2304, 9437184, 9437184]	src1='kqv_out-28':type=f32;ne=[4096, 1, 1, 1];nb=[4, 16384, 16384, 16384] : converting src1 to Q8_1
[SYCL][OP] call ggml_sycl_mul_mat_id: dst='ffn_moe_gate-28':type=f32;ne=[960, 2, 1, 1];nb=[4, 3840, 7680, 7680]	src0='blk.28.ffn_gate_exps.weight':type=q4_K;ne=[4096, 960, 16, 1];nb=[144, 2304, 2211840, 35389440]	src1='ffn_norm-28 (reshaped)':type=f32;ne=[4096, 1, 1, 1];nb=[4, 16384, 16384, 16384]	src2='ffn_moe_topk-28':type=i32;ne=[2, 1, 1, 1];nb=[4, 64, 64, 64]
[SYCL][OP] call ggml_sycl_mul_mat_id done
[SYCL][OP] call ggml_sycl_mul_mat_id: dst='ffn_moe_up-28':type=f32;ne=[960, 2, 1, 1];nb=[4, 3840, 7680, 7680]	src0='blk.28.ffn_up_exps.weight':type=q4_K;ne=[4096, 960, 16, 1];nb=[144, 2304, 2211840, 35389440]	src1='ffn_norm-28 (reshaped)':type=f32;ne=[4096, 1, 1, 1];nb=[4, 16384, 16384, 16384]	src2='ffn_moe_topk-28':type=i32;ne=[2, 1, 1, 1];nb=[4, 64, 64, 64]
[SYCL][OP] call ggml_sycl_mul_mat_id done
[SYCL][OP] call ggml_sycl_mul_mat_id: dst='ffn_moe_down-28':type=f32;ne=[4096, 2, 1, 1];nb=[4, 16384, 32768, 32768]	src0='blk.28.ffn_down_exps.weight':type=q8_0;ne=[960, 4096, 16, 1];nb=[34, 1020, 4177920, 66846720]	src1='ffn_moe_swiglu-28':type=f32;ne=[960, 2, 1, 1];nb=[4, 3840, 7680, 7680]	src2='ffn_moe_topk-28':type=i32;ne=[2, 1, 1, 1];nb=[4, 64, 64, 64]
[SYCL][OP] call ggml_sycl_mul_mat_id done
[SYCL][OP] call ggml_sycl_mul_mat: dst='Qcur-29':type=f32;ne=[4096, 1, 1, 1];nb=[4, 16384, 16384, 16384]	src0='blk.29.attn_q.weight':type=q4_K;ne=[4096, 4096, 1, 1];nb=[144, 2304, 9437184, 9437184]	src1='attn_norm-29':type=f32;ne=[4096, 1, 1, 1];nb=[4, 16384, 16384, 16384]
[SYCL][OP] call ggml_sycl_op_mul_mat/quantize_row_q8_1_sycl: dst='Qcur-29':type=f32;ne=[4096, 1, 1, 1];nb=[4, 16384, 16384, 16384]	src0='blk.29.attn_q.weight':type=q4_K;ne=[4096, 4096, 1, 1];nb=[144, 2304, 9437184, 9437184]	src1='attn_norm-29':type=f32;ne=[4096, 1, 1, 1];nb=[4, 16384, 16384, 16384] : converting src1 to Q8_1
[SYCL][OP] call ggml_sycl_mul_mat: dst='Kcur-29':type=f32;ne=[1024, 1, 1, 1];nb=[4, 4096, 4096, 4096]	src0='blk.29.attn_k.weight':type=q4_K;ne=[4096, 1024, 1, 1];nb=[144, 2304, 2359296, 2359296]	src1='attn_norm-29':type=f32;ne=[4096, 1, 1, 1];nb=[4, 16384, 16384, 16384]
[SYCL][OP] call ggml_sycl_op_mul_mat/quantize_row_q8_1_sycl: dst='Kcur-29':type=f32;ne=[1024, 1, 1, 1];nb=[4, 4096, 4096, 4096]	src0='blk.29.attn_k.weight':type=q4_K;ne=[4096, 1024, 1, 1];nb=[144, 2304, 2359296, 2359296]	src1='attn_norm-29':type=f32;ne=[4096, 1, 1, 1];nb=[4, 16384, 16384, 16384] : converting src1 to Q8_1
[SYCL][OP] call ggml_sycl_mul_mat: dst='node_1744':type=f32;ne=[4096, 1, 1, 1];nb=[4, 16384, 16384, 16384]	src0='blk.29.attn_output.weight':type=q4_K;ne=[4096, 4096, 1, 1];nb=[144, 2304, 9437184, 9437184]	src1='kqv_out-29':type=f32;ne=[4096, 1, 1, 1];nb=[4, 16384, 16384, 16384]
[SYCL][OP] call ggml_sycl_op_mul_mat/quantize_row_q8_1_sycl: dst='node_1744':type=f32;ne=[4096, 1, 1, 1];nb=[4, 16384, 16384, 16384]	src0='blk.29.attn_output.weight':type=q4_K;ne=[4096, 4096, 1, 1];nb=[144, 2304, 9437184, 9437184]	src1='kqv_out-29':type=f32;ne=[4096, 1, 1, 1];nb=[4, 16384, 16384, 16384] : converting src1 to Q8_1
[SYCL][OP] call ggml_sycl_mul_mat_id: dst='ffn_moe_gate-29':type=f32;ne=[960, 2, 1, 1];nb=[4, 3840, 7680, 7680]	src0='blk.29.ffn_gate_exps.weight':type=q4_K;ne=[4096, 960, 16, 1];nb=[144, 2304, 2211840, 35389440]	src1='ffn_norm-29 (reshaped)':type=f32;ne=[4096, 1, 1, 1];nb=[4, 16384, 16384, 16384]	src2='ffn_moe_topk-29':type=i32;ne=[2, 1, 1, 1];nb=[4, 64, 64, 64]
[SYCL][OP] call ggml_sycl_mul_mat_id done
[SYCL][OP] call ggml_sycl_mul_mat_id: dst='ffn_moe_up-29':type=f32;ne=[960, 2, 1, 1];nb=[4, 3840, 7680, 7680]	src0='blk.29.ffn_up_exps.weight':type=q4_K;ne=[4096, 960, 16, 1];nb=[144, 2304, 2211840, 35389440]	src1='ffn_norm-29 (reshaped)':type=f32;ne=[4096, 1, 1, 1];nb=[4, 16384, 16384, 16384]	src2='ffn_moe_topk-29':type=i32;ne=[2, 1, 1, 1];nb=[4, 64, 64, 64]
[SYCL][OP] call ggml_sycl_mul_mat_id done
[SYCL][OP] call ggml_sycl_mul_mat_id: dst='ffn_moe_down-29':type=f32;ne=[4096, 2, 1, 1];nb=[4, 16384, 32768, 32768]	src0='blk.29.ffn_down_exps.weight':type=q8_0;ne=[960, 4096, 16, 1];nb=[34, 1020, 4177920, 66846720]	src1='ffn_moe_swiglu-29':type=f32;ne=[960, 2, 1, 1];nb=[4, 3840, 7680, 7680]	src2='ffn_moe_topk-29':type=i32;ne=[2, 1, 1, 1];nb=[4, 64, 64, 64]
[SYCL][OP] call ggml_sycl_mul_mat_id done
[SYCL][OP] call ggml_sycl_mul_mat: dst='Qcur-30':type=f32;ne=[4096, 1, 1, 1];nb=[4, 16384, 16384, 16384]	src0='blk.30.attn_q.weight':type=q4_K;ne=[4096, 4096, 1, 1];nb=[144, 2304, 9437184, 9437184]	src1='attn_norm-30':type=f32;ne=[4096, 1, 1, 1];nb=[4, 16384, 16384, 16384]
[SYCL][OP] call ggml_sycl_op_mul_mat/quantize_row_q8_1_sycl: dst='Qcur-30':type=f32;ne=[4096, 1, 1, 1];nb=[4, 16384, 16384, 16384]	src0='blk.30.attn_q.weight':type=q4_K;ne=[4096, 4096, 1, 1];nb=[144, 2304, 9437184, 9437184]	src1='attn_norm-30':type=f32;ne=[4096, 1, 1, 1];nb=[4, 16384, 16384, 16384] : converting src1 to Q8_1
[SYCL][OP] call ggml_sycl_mul_mat: dst='Kcur-30':type=f32;ne=[1024, 1, 1, 1];nb=[4, 4096, 4096, 4096]	src0='blk.30.attn_k.weight':type=q4_K;ne=[4096, 1024, 1, 1];nb=[144, 2304, 2359296, 2359296]	src1='attn_norm-30':type=f32;ne=[4096, 1, 1, 1];nb=[4, 16384, 16384, 16384]
[SYCL][OP] call ggml_sycl_op_mul_mat/quantize_row_q8_1_sycl: dst='Kcur-30':type=f32;ne=[1024, 1, 1, 1];nb=[4, 4096, 4096, 4096]	src0='blk.30.attn_k.weight':type=q4_K;ne=[4096, 1024, 1, 1];nb=[144, 2304, 2359296, 2359296]	src1='attn_norm-30':type=f32;ne=[4096, 1, 1, 1];nb=[4, 16384, 16384, 16384] : converting src1 to Q8_1
[SYCL][OP] call ggml_sycl_mul_mat: dst='node_1803':type=f32;ne=[4096, 1, 1, 1];nb=[4, 16384, 16384, 16384]	src0='blk.30.attn_output.weight':type=q4_K;ne=[4096, 4096, 1, 1];nb=[144, 2304, 9437184, 9437184]	src1='kqv_out-30':type=f32;ne=[4096, 1, 1, 1];nb=[4, 16384, 16384, 16384]
[SYCL][OP] call ggml_sycl_op_mul_mat/quantize_row_q8_1_sycl: dst='node_1803':type=f32;ne=[4096, 1, 1, 1];nb=[4, 16384, 16384, 16384]	src0='blk.30.attn_output.weight':type=q4_K;ne=[4096, 4096, 1, 1];nb=[144, 2304, 9437184, 9437184]	src1='kqv_out-30':type=f32;ne=[4096, 1, 1, 1];nb=[4, 16384, 16384, 16384] : converting src1 to Q8_1
[SYCL][OP] call ggml_sycl_mul_mat_id: dst='ffn_moe_gate-30':type=f32;ne=[960, 2, 1, 1];nb=[4, 3840, 7680, 7680]	src0='blk.30.ffn_gate_exps.weight':type=q4_K;ne=[4096, 960, 16, 1];nb=[144, 2304, 2211840, 35389440]	src1='ffn_norm-30 (reshaped)':type=f32;ne=[4096, 1, 1, 1];nb=[4, 16384, 16384, 16384]	src2='ffn_moe_topk-30':type=i32;ne=[2, 1, 1, 1];nb=[4, 64, 64, 64]
[SYCL][OP] call ggml_sycl_mul_mat_id done
[SYCL][OP] call ggml_sycl_mul_mat_id: dst='ffn_moe_up-30':type=f32;ne=[960, 2, 1, 1];nb=[4, 3840, 7680, 7680]	src0='blk.30.ffn_up_exps.weight':type=q4_K;ne=[4096, 960, 16, 1];nb=[144, 2304, 2211840, 35389440]	src1='ffn_norm-30 (reshaped)':type=f32;ne=[4096, 1, 1, 1];nb=[4, 16384, 16384, 16384]	src2='ffn_moe_topk-30':type=i32;ne=[2, 1, 1, 1];nb=[4, 64, 64, 64]
[SYCL][OP] call ggml_sycl_mul_mat_id done
[SYCL][OP] call ggml_sycl_mul_mat_id: dst='ffn_moe_down-30':type=f32;ne=[4096, 2, 1, 1];nb=[4, 16384, 32768, 32768]	src0='blk.30.ffn_down_exps.weight':type=q8_0;ne=[960, 4096, 16, 1];nb=[34, 1020, 4177920, 66846720]	src1='ffn_moe_swiglu-30':type=f32;ne=[960, 2, 1, 1];nb=[4, 3840, 7680, 7680]	src2='ffn_moe_topk-30':type=i32;ne=[2, 1, 1, 1];nb=[4, 64, 64, 64]
[SYCL][OP] call ggml_sycl_mul_mat_id done
[SYCL][OP] call ggml_sycl_mul_mat: dst='Qcur-31':type=f32;ne=[4096, 1, 1, 1];nb=[4, 16384, 16384, 16384]	src0='blk.31.attn_q.weight':type=q4_K;ne=[4096, 4096, 1, 1];nb=[144, 2304, 9437184, 9437184]	src1='attn_norm-31':type=f32;ne=[4096, 1, 1, 1];nb=[4, 16384, 16384, 16384]
[SYCL][OP] call ggml_sycl_op_mul_mat/quantize_row_q8_1_sycl: dst='Qcur-31':type=f32;ne=[4096, 1, 1, 1];nb=[4, 16384, 16384, 16384]	src0='blk.31.attn_q.weight':type=q4_K;ne=[4096, 4096, 1, 1];nb=[144, 2304, 9437184, 9437184]	src1='attn_norm-31':type=f32;ne=[4096, 1, 1, 1];nb=[4, 16384, 16384, 16384] : converting src1 to Q8_1
[SYCL][OP] call ggml_sycl_mul_mat: dst='Kcur-31':type=f32;ne=[1024, 1, 1, 1];nb=[4, 4096, 4096, 4096]	src0='blk.31.attn_k.weight':type=q4_K;ne=[4096, 1024, 1, 1];nb=[144, 2304, 2359296, 2359296]	src1='attn_norm-31':type=f32;ne=[4096, 1, 1, 1];nb=[4, 16384, 16384, 16384]
[SYCL][OP] call ggml_sycl_op_mul_mat/quantize_row_q8_1_sycl: dst='Kcur-31':type=f32;ne=[1024, 1, 1, 1];nb=[4, 4096, 4096, 4096]	src0='blk.31.attn_k.weight':type=q4_K;ne=[4096, 1024, 1, 1];nb=[144, 2304, 2359296, 2359296]	src1='attn_norm-31':type=f32;ne=[4096, 1, 1, 1];nb=[4, 16384, 16384, 16384] : converting src1 to Q8_1
[SYCL][OP] call ggml_sycl_mul_mat: dst='node_1862':type=f32;ne=[4096, 1, 1, 1];nb=[4, 16384, 16384, 16384]	src0='blk.31.attn_output.weight':type=q4_K;ne=[4096, 4096, 1, 1];nb=[144, 2304, 9437184, 9437184]	src1='kqv_out-31':type=f32;ne=[4096, 1, 1, 1];nb=[4, 16384, 16384, 16384]
[SYCL][OP] call ggml_sycl_op_mul_mat/quantize_row_q8_1_sycl: dst='node_1862':type=f32;ne=[4096, 1, 1, 1];nb=[4, 16384, 16384, 16384]	src0='blk.31.attn_output.weight':type=q4_K;ne=[4096, 4096, 1, 1];nb=[144, 2304, 9437184, 9437184]	src1='kqv_out-31':type=f32;ne=[4096, 1, 1, 1];nb=[4, 16384, 16384, 16384] : converting src1 to Q8_1
[SYCL][OP] call ggml_sycl_mul_mat_id: dst='ffn_moe_gate-31':type=f32;ne=[960, 2, 1, 1];nb=[4, 3840, 7680, 7680]	src0='blk.31.ffn_gate_exps.weight':type=q4_K;ne=[4096, 960, 16, 1];nb=[144, 2304, 2211840, 35389440]	src1='ffn_norm-31 (reshaped)':type=f32;ne=[4096, 1, 1, 1];nb=[4, 16384, 16384, 16384]	src2='ffn_moe_topk-31':type=i32;ne=[2, 1, 1, 1];nb=[4, 64, 64, 64]
[SYCL][OP] call ggml_sycl_mul_mat_id done
[SYCL][OP] call ggml_sycl_mul_mat_id: dst='ffn_moe_up-31':type=f32;ne=[960, 2, 1, 1];nb=[4, 3840, 7680, 7680]	src0='blk.31.ffn_up_exps.weight':type=q4_K;ne=[4096, 960, 16, 1];nb=[144, 2304, 2211840, 35389440]	src1='ffn_norm-31 (reshaped)':type=f32;ne=[4096, 1, 1, 1];nb=[4, 16384, 16384, 16384]	src2='ffn_moe_topk-31':type=i32;ne=[2, 1, 1, 1];nb=[4, 64, 64, 64]
[SYCL][OP] call ggml_sycl_mul_mat_id done
[SYCL][OP] call ggml_sycl_mul_mat_id: dst='ffn_moe_down-31':type=f32;ne=[4096, 2, 1, 1];nb=[4, 16384, 32768, 32768]	src0='blk.31.ffn_down_exps.weight':type=q8_0;ne=[960, 4096, 16, 1];nb=[34, 1020, 4177920, 66846720]	src1='ffn_moe_swiglu-31':type=f32;ne=[960, 2, 1, 1];nb=[4, 3840, 7680, 7680]	src2='ffn_moe_topk-31':type=i32;ne=[2, 1, 1, 1];nb=[4, 64, 64, 64]
[SYCL][OP] call ggml_sycl_mul_mat_id done
